Code Cahiers d'Habitats;Type d'habitat
(4070 et 4060)-1;Fourrés à Pinus mugo installés sur substrats calcaires
(4070 et 4060)-2;Fourrés à Pinus mugo et Rhododendron ferrugineux sur substrats acides
(4070 et 4060)-3;Fourrés à Pinus mugo sur landes à genévrier nain
(5210 et 2250)-2;Junipéraies littorales à genévrier à gros fruits
(5210 et 2250)-4;Junipéraies littorales à genévrier turbiné de France continentale
(5210 et 2250)-5;Junipéraies littorales à genévrier turbiné de Corse
(9560 et 5210)-1;Peuplements de genévrier thurifère des Pyrénées
(9560 et 5210)-2;Peuplements alpins de genévrier thurifère du supraméditerranéen inférieur
(9560 et 5210)-3;Peuplements alpins de genévrier thurifère du supraméditerranéen moyen et supérieur
(9560 et 5210)-4;Peuplements de genévrier thurifère des Alpes internes
(9560 et 5210)-5;Peuplements de genévrier thurifère alpins du montagnard sous influences méditerranéennes
(9560 et 5210)-6;Peuplements supraméditerranéens corses de genévrier thurifère
(9560 et 5210)-7;Peuplements montagnards corses de genévrier thurifère
1110;Bancs de sable à faible couverture permanente d'eau marine
1110-1;Sables fins propres et légèrement envasés, herbiers à Zostera marina (façade atlantique)
1110-2;Sables moyens dunaires (façade atlantique)
1110-3;Sables grossiers et graviers, bancs de maerl (façade atlantique)
1110-4;Sables mal triés (façade atlantique)
1110-5;Sables fins de haut niveau (Méditerranée)
1110-6;Sables fins bien calibrés (Méditerranée)
1110-7;Sables grossiers et fins graviers sous influence des courants de fonds (Méditerranée)
1110-8;Sables grossiers et fins graviers brassés par les vagues (Méditerranée)
1110-9;Galets infralittoraux (Méditerranée)
1120;Herbiers à posidonies (Posidonion oceanicae)
1120-1;Herbiers à Posidonie
1130;Estuaires
1130-1;Slikke en mer à marées (façade atlantique)
1130-2;Sables vaseux et vases lagunaires et estuariennes (Méditerranée)
1140;Replats boueux ou sableux exondés à marée basse
1140-1;Sables des hauts de plage à Talitres (façade atlantique)
1140-10;Sédiments détritiques médiolittoraux (Méditerranée)
1140-2;Galets et cailloutis des hauts de plages à Orchestia (façade atlantique)
1140-3;Estrans de sable fin (façade atlantique)
1140-4;Sables dunaires (façade atlantique)
1140-5;Estrans de sables grossiers et graviers (façade atlantique)
1140-6;Sédiments hétérogènes envasés (façade atlantique)
1140-7;Sables supralittoraux avec ou sans laisses à dessiccation rapide (Méditerranée)
1140-8;Laisses à dessiccation lente dans l'étage supralittoral (Méditerranée)
1140-9;Sables médiolittoraux (Méditerranée)
1150;Lagunes côtières
1150-1;Lagunes en mer à marées (façade atlantique)
1150-2;Lagunes méditerranéennes
1160;Grandes criques et baies peu profondes
1160-1;Vasières infralittorales (façade atlantique)
1160-2;Sables hétérogènes envasés infralittoraux. Bancs de maerl (façade atlantique)
1160-3;Sables vaseux de mode calme (Méditerranée)
1170;Récifs
1170-1;La roche supralittorale (façade atlantique)
1170-10;La roche supralittorale (Méditerranée)
1170-11;La roche médiolittorale supérieure (Méditerranée)
1170-12;La roche médiolittorale inférieure (Méditerranée)
1170-13;La roche infralittorale à algues photophiles (Méditerranée)
1170-14;Le Coralligène (Méditerranée)
1170-2;La roche médiolittorale en mode abrité (façade atlantique)
1170-3;La roche médiolittorale en mode exposé (façade atlantique)
1170-4;Les récifs d’Hermelles (façade atlantique)
1170-5;La roche infralittorale en mode exposé (façade atlantique)
1170-6;La roche infralittorale en mode abrité (façade atlantique)
1170-7;La roche infralittorale en mode très abrité (façade atlantique)
1170-8;Les cuvettes ou mares permanentes (façade atlantique)
1170-9;Les champs de blocs (façade atlantique)
1210;Végétation annuelle des laisses de mer
1210-1;Laisses de mer sur substrat sableux à vaseux des côtes Manche-Atlantique et mer du Nord
1210-2;Laisses de mer sur cordons de galets et de graviers des côtes Manche-Atlantique et mer du Nord
1210-3;Laisses de mer des côtes méditerranéennes
1220;Végétation vivace des rivages de galets
1220-1;Végétation des hauts de cordons de galets
1220-2;Végétation des revers internes des cordons de galets
1230;Falaises avec végétation des côtes atlantiques et baltiques
1230-1;Végétation des fissures des rochers eu-atlantiques à nord-atlantiques
1230-2;Végétation des fissures des rochers thermo-atlantiques
1230-3;Pelouses aérohalines sur falaises cristallines et marno-calcaires
1230-4;Pelouses aérohalines sur falaises de craie du nord de la France
1230-5;Pelouses hygrophiles des bas de falaise
1230-6;Pelouses rases sur dalles et affleurements rocheux des contacts pelouses aérohalines-landes
1240;Falaises avec végétation des côtes méditerranéennes avec Limonium spp. endémiques
1240-1;Végétation des fissures des falaises calcaires
1240-2;Végétation des fissures des falaises cristallines
1240-3;Garrigues littorales primaires
1310;Végétations pionnières à Salicornia et autres espèces annuelles des zones boueuses et sableuses
1310-1;Salicorniaies des bas niveaux (haute slikke atlantique)
1310-2;Salicorniaies des hauts niveaux (schorre atlantique)
1310-3;Salicorniaies des prés salés méditerranéens
1310-4;Pelouses rases à petites annuelles subhalophiles
1320;Prés à Spartina (Spartinion maritimae)
1320-1;Prés à Spartine maritime de la haute slikke
1330;Prés salés atlantiques (Glauco-Puccinellietalia maritimae)
1330-1;Prés salés du bas schorre
1330-2;Prés salés du schorre moyen
1330-3;Prés salés du haut schorre
1330-4;Prés salés du contact haut schorre/dune
1330-5;Prairies hautes des niveaux supérieurs atteints par la marée
1340;Prés salés intérieurs
1340-1;Prés salés continentaux de bas niveau longuement inondés
1340-2;Prés salés continentaux de niveau moyen
1340-3;Prairies saumâtres continentales
1410;Prés salés méditerranéens (Juncetalia maritimi)
1410-1;Prés salés méditerranéens des bas niveaux
1410-2;Prés salés méditerranéens des hauts niveaux
1410-3;Prairies subhalophiles thermo-atlantiques
1420;Fourrés halophiles méditerranéens et thermo-atlantiques (Sarcocornietea fruticosi)
1420-1;Fourrés halophiles thermo-atlantiques
1420-2;Fourrés halophiles méditerranéens
1430;Fourrés halo-nitrophiles (Pegano-Salsoletea)
1430-1;Fourrés halo-nitrophiles du littoral de la Corse et de la Provence
1430-2;Végétations halo-nitrophiles des colonies d’oiseaux marins, méditerranéennes et thermo-atlantiques
1510;Steppes salées méditerranéennes (Limonietalia)
1510-1;Steppes salées du littoral du Languedoc et de Provence
2110;Dunes mobiles embryonnaires
2110-1;Dunes mobiles embryonnaires atlantiques
2110-2;Dunes mobiles embryonnaires méditerranéennes
2120;Dunes mobiles du cordon littoral à Ammophila arenaria (dunes blanches)
2120-1;Dunes mobiles à Ammophila arenaria subsp. arenaria des côtes atlantiques
2120-2;Dunes mobiles à Ammophila arenaria subsp. australis des côtes méditerranéennes
2130;Dunes côtières fixées à végétation herbacée (dunes grises)
2130-1;Dunes grises de la mer du Nord et de la Manche
2130-2;Dunes grises des côtes atlantiques
2130-3;Pelouses vivaces calcicoles arrière-dunaires
2130-4;Ourlets thermophiles dunaires
2130-5;Pelouses rases annuelles arrière-dunaires
2160;Dunes à Hippophaë rhamnoides
2160-1;Dunes à Argousier
2170;Dunes à Salix repens subsp. argentea (Salicion arenariae)
2170-1;Dunes à Saule des dunes
2180;Dunes boisées des régions atlantique, continentale et boréale
2180-1;Dunes boisées du littoral nord-atlantique
2180-2;Dunes boisées littorales thermo-atlantiques à Chêne vert
2180-3;Dunes boisées littorales thermo-atlantiques à Chêne liège
2180-4;Arrière-dunes boisées à Chêne pédonculé
2180-5;Aulnaies, saulaies, bétulaies et chênaies pédonculées marécageuses arrière-dunaires
2190;Dépressions humides intradunales
2190-1;Mares dunaires
2190-2;Pelouses pionnières des pannes
2190-3;Bas-marais dunaires
2190-4;Prairies humides dunaires
2190-5;Roselières et cariçaies dunaires
2210;Dunes fixées du littoral du Crucianellion maritimae
2210-1;Dunes fixées du littoral méditerranéen du Crucianellion maritimae
2230;Dunes avec pelouses des Malcolmietalia
2230-1;Pelouses dunales des Malcolmietalia
2250;Dunes littorales à Juniperus spp.
2250-1;Fourrés à genévriers sur dunes
2250-2;Fourrés à genévriers sur falaises
2260;Dunes à végétation sclérophylle des Cisto-Lavanduletalia
2260-1;Dunes à végétation sclérophylle des Cisto-Lavanduletalia
2270;Dunes avec forêts à Pinus pinea et/ou Pinus pinaster
2270-1;Forêts dunales à Pin parasol (Pinus pinea)
2270-2;Forêts dunales à Pin maritime (Pinus pinaster)
2330;Dunes intérieures avec pelouses ouvertes à Corynephorus et Agrostis
2330-1;Pelouses ouvertes pionnières des dunes sableuses intérieures
3110;Eaux oligotrophes très peu minéralisées des plaines sablonneuses (Littorelletalia uniflorae)
3110-1;Eaux stagnantes à végétation vivace oligotrophique planitiaire à collinéenne des régions atlantiques, des Littorelletea uniflorae
3120;Eaux oligotrophes très peu minéralisées sur sols généralement sableux de l’ouest méditerranéen à Isoetes spp.
3120-1;Pelouses mésophiles à Sérapias de la Provence cristalline (Serapion)
3120-2;Pelouses mésohygrophiles oligotrophiques thermo-atlantiques à Isoète épineux et Ophioglosses
3130;Eaux stagnantes, oligotrophes à mésotrophes avec végétation des Littorelletea uniflorae et/ou des Isoeto-Nanojuncetea
3130-1;Eaux stagnantes à végétation vivace oligotrophique à mésotrophique montagnarde à subalpine des régions alpines, des Littorelletea uniflorae
3130-2;Eaux stagnantes à végétation vivace oligotrophique à mésotrophique planitiaire des régions continentales, des Littorelletea uniflorae
3130-3;Communautés annuelles mésotrophiques à eutrophiques, de bas-niveau topographique, planitiaires d'affinités continentales, des Isoeto-Juncetea
3130-4;Communautés annuelles oligotrophiques à mésotrophiques, de bas-niveau topographique, planitiaires, d'affinités atlantiques, des Isoeto-Juncetea
3130-5;Communautés annuelles oligotrophiques à mésotrophiques, acidiphiles, de niveau topographique moyen, planitiaires à montagnardes, des Isoeto-Juncetea
3130-6;Communautés annuelles oligotrophiques à mésotrophiques, neutrophiles à basophiles, de niveau topographique moyen, planitiaires, des Isoeto-Juncetea
3140;Eaux oligo-mésotrophes calcaires avec végétation benthique à Chara spp.
3140-1;Communautés à characées des eaux oligo-mésotrophes basiques
3140-2;Communautés à characées des eaux oligo-mésotrophes faiblement acides à faiblement alcalines
3150;Lacs eutrophes naturels avec végétation du Magnopotamion ou de l’Hydrocharition
3150-1;Plans d’eau eutrophes avec végétation enracinée avec ou sans feuilles flottantes
3150-2;Plans d’eau eutrophes avec dominance de macrophytes libres submergés
3150-3;Plans d’eau eutrophes avec dominance de macrophytes libres flottant à la surface de l'eau
3150-4;Rivières, canaux et fossés eutrophes des marais naturels
3160;Lacs et mares dystrophes naturels
3160-1;Mares dystrophes naturelles
3170;Mares temporaires méditerranéennes
3170-1;Mares temporaires méditerranéennes à Isoètes (Isoetion)
3170-2;gazons méditerranéens amphibies longuement inondés (Preslion)
3170-3;gazons méditerranéens amphibies halonitrophiles (Heleochloion)
3170-4;gazons amphibies annuels méditerranéens (Nanocyperetalia)
3220;Rivères alpines avec végétation ripicole herbacée
3220-1;Végétations ripicoles herbacées des étages subalpin et montagnard des Alpes
3220-2;Végétations ripicoles herbacées de la base de l'étage montagnard et de l'étage collinéen des Alpes et des Causses
3220-3;Végétations ripicoles herbacées des cours d'eau pyrénéens
3230;Rivières alpines avec végétation ripicole ligneuse à Myricaria germanica
3230-1;Saulaies pionnières à Myricaire d'Allemagne des torrents alpins
3230-2;Saulaies pionnières à Myricaire d'Allemagne des torrents pyrénéens
3240;Rivières alpines avec végétation ripicole ligneuse à Salix elaeagnos
3240-1;Saulaies riveraines à Saule drapé des cours d'eau des Alpes et du Jura
3240-2;Saulaies riveraines des cours d'eau des Pyrénées et des Cévennes
3250;Rivières permanentes méditerranéennes à Glaucium flavum
3250-1;Végétation pionnière des rivières méditerranéennes à glaucière jaune et Scrophulaire des chiens
3260;Rivières des étages planitiaire à montagnard avec végétation du Ranunculion fluitantis et du Callitricho-Batrachion
3260-1;Rivières (à Renoncules) oligotrophes acides
3260-2;Rivières oligotrophes basiques
3260-3;Rivières à Renoncules oligo-mésotrophes à méso-eutrophes, acides à neutres
3260-4;Rivières à Renoncules oligo-mésotrophes à méso-eutrophes, neutres à basiques
3260-5;Rivières eutrophes (d’aval), neutres à basiques, dominées par des Renoncules et des Potamots
3260-6;Ruisseaux et petites rivières eutrophes neutres à basiques
3270;Rivières avec berges vaseuses avec végétation du Chenopodion rubri p.p. et du Bidention p.p.
3270-1;Bidention des rivières et Chenopodion rubri (hors Loire)
3270-2;Chenopodion rubri du lit de la Loire
3280;Rivières permanentes méditerranéennes du Paspalo-Agrostidion avec rideaux boisés riverains à Salix et Populus alba
3280-1;Communautés méditerranéennes d'annuelles nitrophiles à Paspalum faux-paspalum
3280-2;Saulaies méditerranéennes à Saule pourpre et Saponaire officinale
3290;Rivières intermittentes méditerranéennes du Paspalo-Agrostidion
3290-1;Têtes de rivières et ruisseaux méditerranéens s'asséchant régulièrement ou cours médian en substrat géologique perméable
3290-2;Aval des rivières méditerranéennes intermittentes
4010;Landes humides atlantiques septentrionales à Erica tetralix
4010-1;Landes humides atlantiques septentrionales à Bruyère à quatre angles
4020;Landes humides atlantiques tempérées à Erica ciliaris et Erica tetralix
4020-1;Landes humides atlantiques tempérées à Bruyère ciliée et Bruyère à quatre angles
4030;Landes sèches européennes
4030-1;Landes ibéro-atlantiques thermophiles
4030-10;Landes acidiphiles subatlantiques sèches à subsèches
4030-11;Landes acidiphiles montagnardes de l’Est
4030-12;Landes acidiphiles subalpines des Vosges
4030-13;Landes acidiphiles montagnardes du Massif central
4030-14;Landes acidiphiles subalpines du Massif central
4030-15;Landes acidiclines subcontinentales de l'Est
4030-16;Landes acidiclines subcontinentales du Sud-Est
4030-17;Landes acidiphiles montagnardes thermophiles du Massif central
4030-18;Landes acidiphiles montagnardes thermophiles des Pyrénées
4030-2;Landes atlantiques littorales sur sol assez profond
4030-3;Landes atlantiques littorales sur sol squelettique
4030-4;Landes sèches thermo-atlantiques
4030-5;Landes hyperatlantiques subsèches
4030-6;Landes atlantiques sèches méridionales
4030-7;Landes atlantiques subsèches
4030-8;Landes atlantiques fraîches méridionales
4030-9;Landes nord-atlantiques sèches à subsèches
4040;Landes sèches atlantiques littorales à Erica vagans
4040-1;Landes littorales thermophiles et atlantiques à Erica vagans
4060;Landes alpines et boréales
4060-1;Landes installées sur substrats siliceux ou sols acides sur calcaires à Loiseleuria procumbens
4060-10;Landes des montagnes méditerranéennes en exposition chaude à genêt cendré des Alpes méridionales
4060-2;Landes installées sur substrats calcaires
4060-3;Landes acidiphiles basses à Empetrum nigrum subsp. hermaphroditum et Vaccinium uliginosum subsp. microphyllum
4060-4;Landes subalpines acidiphiles hautes à Rhododendron ferrugineux
4060-5;Landes subalpines neutro-basophiles à Erica herbacea (Rhododendron hirsutum)
4060-6;Landes subalpines secondaires d'adret des Alpes et des Pyrénées à genévrier nain
4060-7;Landes subalpines secondaires des soulanes des Pyrénées
4060-8;Landes subalpines secondaires d’adret du Mézenc
4060-9;Fourrés xérophiles et mésoxérophiles des Alpes internes à Astragale queue de renard et genévrier sabine
4070 et 4060;Fourrés à Pinus mugo et Rhododendron hirsutum (Mugo-Rhododendretum hirsuti) et Landes alpines et boréales
4090;Landes oroméditerranéennes endémiques à Genêt épineux
4090-1;Landes épineuses méditerranéo-montagnardes des Pyrénées méridionales
4090-2;Landes épineuses supraméditerranéennes des corniches et crêtes ventées de Catalogne
4090-3;Landes épineuses supraméditerranéennes des corniches et crêtes ventées des Corbières
4090-4;Landes épineuses supraméditerranéennes des corniches et crêtes ventées des Préalpes méridionales
4090-5;Landes et pelouses épineuses méditerranéo-montagnardes des Alpes méridionales
4090-6;Landes épineuses pyrénéo-cantabriques
4090-7;Fruticées supraméditerranéennes de Corse
4090-8;Fruticées montagnardes de Corse
5110;Formations stables xéro-thermophiles à Buxus sempervirens des pentes rocheuses (Berberidion p.p.)
5110-1;Buxaies des plaines atlantiques et subatlantiques
5110-2;Buxaies thermo-continentales et subatlantiques
5110-3;Buxaies supraméditerranéennes
5120;Formations montagnardes à Cytisus purgans
5120-1;Landes à genêt purgatif du Massif central
5120-2;Landes à genêt purgatif des Pyrénées
5130;Formations à Juniperus communis sur landes ou pelouses calcaires
5130-1;Junipéraies primaires collinéennes à montagnardes à genévrier commun
5130-2;Junipéraies secondaires planitiaires à montagnardes à genévrier commun
5210 (2250 inclus);Matorrals arborescents à Juniperus spp.
5210-1;Junipéraies à genévrier oxycèdre
5210-3;Junipéraies à genévrier rouge
5210-6;Junipéraies méditerranéennes à genévrier commun
5310;Taillis de Laurus nobilis
5310-1;Chênaies pubescentes méditerranéennes à Laurier-sauce
5330;Fourrés thermo-méditerranéens et prédésertiques
5330-1;Fourrés thermophiles méditerranéens à Euphorbe arborescente
5330-2;Fourrés thermophiles méditerranéens à Diss
5330-3;Fourrés thermophiles méditerranéens à Palmier nain
5330-4;Fourrés thermophiles méditerranéens à genêt de l’Etna
5410;Phryganes ouest-méditerranéennes des sommets de falaises (Astragalo-Plantaginetum subulatae)
5410-1;Garrigues et pré-maquis des falaises littorales thermo-méditerranéennes de la Provence calcaire
5410-2;Garrigues et pré-maquis des falaises littorales thermo-méditerranéennes de la Provence cristalline
5410-3;Garrigues et pré-maquis des falaises littorales thermo-méditerranéennes de la Corse
5410-4;Pelouses et garrigues des falaises littorales thermo-méditerranéennes du Roussillon
6110;Pelouses rupicoles calcaires ou basiphiles de l’Alysso-Sedion albi
6110-1;Pelouses pionnières des dalles calcaires planitiaires et collinéennes
6110-2;Pelouses pionnières des dalles calcaires montagnardes
6120;Pelouses calcaires de sables xériques
6120-1;Pelouses pionnières à post-pionnières sur sables silico-calcaires plus ou moins stabilisés
6130;Pelouses calaminaires du Violetalia calaminariae
6130-1;Pelouses métallicoles montagnardes
6130-2;Pelouses métallicoles planitiaires
6140;Pelouses pyrénéennes siliceuses à Festuca eskia
6140-1;Pelouses acidiphiles et mésophiles pyrénéennes denses à gispet
6170;Pelouses calcaires alpines et subalpines
6170 - Sous-type 1;Pelouses calciphiles fermées alpines (pelouses à Carex ferruginea et communautés apparentées)
6170 - Sous-type 2;Pelouses à Elyna myosuroidis des arêtes venteuses
6170 - Sous-type 3;Pelouses calciphiles en gradins et en guirlandes
6170 - Sous-type 4;Pelouses des hautes montagnes corses
6170-1;Pelouses calcicoles orophiles méso-hygrophiles des Alpes
6170-10;Pelouses calcicoles orophiles mésoxérophiles du Jura sur lithosols
6170-11;Pelouses calcicoles orophiles méso-xérophiles du Jura et des Alpes sur sols décalcifiés en surface
6170-12;Pelouses calcicoles orophiles sèches et thermophiles des Alpes maritimes et ligures
6170-13;Pelouses calcicoles montagnardes sèches et thermophiles des Alpes méridionales sur sols rocailleux instables
6170-14;Pelouses calcicoles orophiles sèches des Pyrénées
6170-15;Pelouses méso-xérophiles montagnardes de Corse
6170-16;Pelouses méso-xérophiles à mésophiles altiméditerranéennes d'adrets de Corse
6170-17;Pelouses méso-xérophiles à mésophiles altiméditerranéennes d'ubacs de Corse
6170-18;Pelouses mésohygrophiles et hygrophiles des pozzines de Corse
6170-2;Pelouses calcicoles orophiles méso-hygrophiles du Jura
6170-3;Pelouses calcicoles orophiles méso-hygrophiles des Pyrénées
6170-4;Pelouses mésophiles des vires et pieds de falaises calcaires ombragées des Pyrénées
6170-5;Landines des corniches et pentes calcaires fraîches des Pyrénées
6170-6;Pelouses arcto-alpines des crêtes ventées, neutro-basophiles et cryophiles, des Alpes et des Pyrénées
6170-7;Pelouses calcicoles orophiles méso-xérophiles des Alpes sur sols peu évolués
6170-8;Pelouses calcicoles orophiles méso-xérophiles du Jura sur sols peu évolués
6170-9;Pelouses calcicoles orophiles méso-xérophiles des Alpes sur lithosols
6210;Pelouses sèches semi-naturelles et faciès d'embuissonnement sur calcaires (Festuco-Brometalia) [*sites d'orchidées remarquables]
6210 - Sous-type 1;Pelouses steppiques subcontinentales
6210 - Sous-type 2;Pelouses calcicoles semi-sèches subatlantiques
6210 - Sous-type 3;Pelouses calcicoles subatlantiques xérophiles
6210 - Sous-type 4;Pelouses calcaro-siliceuses d'Europe centrale
6210-1;Pelouses des vallées internes ouest-alpines à climat continental de la Durance
6210-10;Pelouses calcicoles subatlantiques des mésoclimats froids de l’Est
6210-11;Pelouses calcicoles subatlantiques des mésoclimats froids du Sud-Est
6210-12;Pelouses calcicoles méso-xérophiles atlantiques sur calcaires tendres ou friables
6210-13;Pelouses calcicoles marnicoles atlantiques
6210-14;Pelouses calcicoles acidiclines atlantiques
6210-15;Pelouses calcicoles mésophiles de l’Est
6210-16;Pelouses calcicoles mésophiles du Sud-Est
6210-17;Pelouses calcicoles acidiclines de l’Est
6210-18;Pelouses calcicoles acidiclines continentales du pays de Bitche
6210-19;Pelouses calcicoles mésophiles acidiclines du Massif central et des Pyrénées
6210-2;Pelouses des vallées internes ouest-alpines à climat continental du Briançonnais et du Queyras
6210-20;Pelouses marnicoles subatlantiques
6210-21;Pelouses calcicoles et marnicoles à tendance continentale
6210-22;Pelouses calcicoles méso-xérophiles subatlantiques
6210-23;Pelouses calcicoles méso-xérophiles à tendance précontinentale
6210-24;Pelouses calcicoles méso-xérophiles à tendance continentale
6210-25;Pelouses mésoxérophiles, acidoclines, des affleurements serpentiniques du Limousin
6210-26;Pelouses calcicoles xérophiles atlantiques et thermophiles
6210-27;Pelouses calcicoles xéromarnicoles atlantiques et thermophiles
6210-28;Pelouses calcicoles xérophiles atlantiques, psammophiles et thermophiles
6210-29;Pelouses calcicoles xérophiles continentales de Bourgogne
6210-3;Pelouses des vallées internes ouest-alpines à climat continental de la Romanche
6210-30;Pelouses calcicoles xérophiles continentales de l'Alsace, du Jura, des Préalpes et de la vallée du Rhône
6210-31;Pelouses calcicoles xérophiles subcontinentales du Massif central et des Pyrénées
6210-32;Pelouses calcicoles xérophiles atlantiques des mésoclimats frais
6210-33;Pelouses calcicoles xérophiles continentales des corniches arides de la Bourgogne, de la Haute-Marne et des Ardennes
6210-34;Pelouses calcicoles xérophiles continentales des corniches arides du Jura
6210-35;Pelouses méso-xérophiles montagnardes provençales et ligures
6210-36;Pelouses calcicoles subatlantiques xériques et acidiclines sur basaltes et granites du Massif central et du Sud-Est
6210-37;Pelouses calcicoles continentales xériques et acidiclines sur sables
6210-38;Pelouses subatlantiques xériques acidoclines sur sables alluviaux
6210-39;Pelouses calcaro-siliceuses sèches du Tertiaire parisien
6210-4;Pelouses des vallées internes ouest-alpines à climat continental de la Maurienne et de la Tarentaise
6210-5;Pelouses ouest-alpines à climat continental des Baronnies et du Buech
6210-6;Pelouses calcicoles mésophiles des Pyrénées et du piémont nord-pyrénéen
6210-7;Pelouses calcicoles nord-atlantiques
6210-8;Pelouses calcicoles méso-xérophiles atlantiques des mésoclimats froids
6210-9;Pelouses calcicoles méso-xérophiles nord-atlantiques des mésoclimats froids
6220;Parcours substeppiques de graminées et annuelles du Thero-Brachypodietea
6220-1;Ourlets méditerranéens mésothermes à Brachypode rameux de Provence et des Alpes-Maritimes
6220-2;Pelouses à thérophytes méditerranéennes mésothermes
6220-3;Pelouses à thérophytes méditerranéennes mésothermes sur sables dolomitiques
6220-4;Pelouses à thérophytes mésothermes thermo-atlantiques
6220-5;Pelouse méditerranéenne mésotherme de la Crau à Asphodelus fistulosus
6220-6;Pelouses des sables dolomitiques des Causses
6230;Formations herbeuses à Nardus, riches en espèces, sur substrats siliceux des zones montagnardes (et des zones submontagnardes de l'Europe continentale)
6230-1;Pelouses acidiclines subatlantiques sèches des Vosges
6230-10;Pelouses acidiphiles montagnardes à subalpines des Vosges
6230-11;Pelouses acidiphiles montagnardes de l'Est (Jura)
6230-12;Pelouses acidiphiles subalpines des Alpes occidentales et septentrionales
6230-13;Pelouses acidiphiles orophiles des Alpes méridionales
6230-14;Pelouses acidiphiles subalpines du Massif central
6230-15;Pelouses acidiphiles montagnardes des Pyrénées
6230-2;Pelouses acidiclines subatlantiques hygroclines de l'Est
6230-3;Pelouses acidiclines subatlantiques sèches du Nord
6230-4;Pelouses acidiclines montagnardes du Massif central
6230-5;Pelouses acidiphiles thermo-atlantiques
6230-6;Pelouses acidiphiles eu-atlantiques
6230-7;Pelouses acidiphiles atlantiques pionnières des affleurements rocheux
6230-8;Pelouses acidiphiles subatlantiques à nord-atlantiques
6230-9;Pelouses acidiphiles psammophiles arrière-dunaires
6410;Prairies à Molinia sur sols calcaires, tourbeux ou argilo-limoneux (Molinion-caeruleae)
6410-1;Prés humides oligotrophiques sur sols paratourbeux basiques, collinéens et continentaux du Nord et de l’Est
6410-10;Prés humides acidiphiles thermo-atlantiques sur sol à assèchement estival
6410-11;Prés humides subatlantiques à précontinentaux, montagnards du Massif central et des Pyrénées
6410-12;Prés humides et bas-marais acidiphiles atlantiques
6410-13;Moliniaies acidiphiles subatlantiques à pré-continentales
6410-14;Prés humides acidiphiles dunaires
6410-15;Moliniaies acidiphiles atlantiques landicoles
6410-2;Prés humides oligotrophiques sur sols paratourbeux basiques, collinéens et continentaux d’Alsace
6410-3;Prés humides oligotrophiques sur sols paratourbeux basiques, submontagnards à montagnards continentaux
6410-4;Pelouses hygrophiles paratourbeuses thermophiles subméditerranéennes
6410-5;Pelouses hygrophiles paratourbeuses thermophiles du Midi
6410-6;Prés humides et bas-marais acidiphiles atlantiques
6410-7;Prairies ouvertes acidiphiles atlantiques
6410-8;Prés humides acidiphiles atlantiques amphibies
6410-9;Moliniaies hygrophiles acidiphiles atlantiques
6420;Prairies humides méditerranéennes à grandes herbes de Molinio-Holoschoenion
6420-1;Prés humides littoraux thermo-atlantiques de Vendée et Aunis
6420-2;Prés humides littoraux thermo-atlantiques des Landes et des Charentes
6420-3;Prés humides méditerranéens de Provence
6420-4;Prés humides méditerranéens du Languedoc
6420-5;Prairies humides hydrophiles et hygrophiles méditerranéennes de basse altitude
6430;Mégaphorbiaies hydrophiles d’ourlets planitiaires et des étages montagnard à alpin
6430 - Sous-type A;Mégaphorbiaies riveraines
6430 - Sous-type B;Lisières forestières plus ou moins nitrophiles et hygroclines
6430 - Sous-type C;Mégaphorbiaies montagnardes à alpines
6430-1;Mégaphorbiaies mésotrophes collinéennes
6430-10;Mégaphorbiaies montagnardes et subalpines à Calamagrostide roseau des Vosges et du Massif central
6430-11;Communautés des couloirs rocheux ou herbeux de Corse du Cymbalarion hepaticifoliae
6430-12;Communautés ripicoles des torrents de Corse du Doronicion corsici
6430-2;Mégaphorbiaies mésotrophes montagnardes
6430-3;Mégaphorbiaies à Pétasite hybride
6430-4;Mégaphorbiaies eutrophes des eaux douces
6430-5;Mégaphorbiaies oligohalines
6430-6;Végétations des lisières forestières nitrophiles, hygroclines, héliophiles à semi-héliophiles
6430-7;Végétations des lisières forestières nitrophiles, hygroclines, semi-sciaphiles à sciaphiles
6430-8;Mégaphorbiaies montagnardes et subalpines des Alpes, du Jura, des Vosges et du Massif central
6430-9;Végétation vivace herbacée haute hygrophile des étages montagnard à alpin des Mulgedio-Aconitetea des Pyrénées
6440;Prairies alluviales inondables du Cnidion dubii
6440-1;Prairies hygrophiles continentales de fauche
6510;Pelouses maigres de fauche de basse altitude (Alopecurus pratensis, Sanguisorba officinalis)
6510-1;Prairies fauchées thermo-atlantiques méso-hygrophiles du Sud-Ouest
6510-2;Prairies fauchées méso-hygrophiles méditerranéennes
6510-3;Prairies fauchées mésophiles à méso-xérophiles thermo-atlantiques
6510-4;Prairies fauchées collinéennes à submontagnardes, mésohygrophiles
6510-5;Prairies fauchées collinéennes à submontagnardes, mésophiles, mésotrophiques
6510-6;Prairies fauchées collinéennes à submontagnardes, mésophiles, mésotrophiques et basophiles
6510-7;Prairies fauchées collinéennes à submontagnardes eutrophiques
6520;Prairies de fauche de montagne
6520-1;Prairies fauchées montagnardes et subalpines du massif central
6520-2;Prairies fauchées montagnardes et subalpines des Pyrénées
6520-3;Prairie de fauche montagnarde à géranium des bois du Massif vosgien
6520-4;Prairies fauchées montagnardes et subalpines des Alpes et du Jura
7110;Tourbières hautes actives
7110-1;Végétation des tourbières hautes actives
7120;Tourbières hautes dégradées encore susceptibles de régénération naturelle
7120-1;Végétation dégradée des tourbières hautes actives, susceptible de restauration
7130;Tourbières de couverture (* pour les tourbières actives)
7140;Tourbières de transition et tremblantes
7140-1;Tourbières de transition et tremblants
7150;Dépressions sur substrats tourbeux du Rhynchosporion
7150-1;Dépressions sur substrats tourbeux du Rhynchosporion
7210;Marais calcaires à Cladium mariscus et espèces du Caricion davallianae
7210-1;Végétations à Marisque
7220;Sources pétrifiantes avec formation de travertins (Cratoneurion)
7220-1;Communautés des sources et suintements carbonatés
7230;Tourbières basses alcalines
7230-1;Végétation des bas-marais neutro-alcalins
7240;Formations pionnières alpines du Caricion bicoloris-atrofuscae
7240-1;Groupement pionniers des bords de torrents alpins
7240-2;Formations riveraines à Petite massette de l'étage collinéen des régions alpienne et périalpienne et d'Alsace
8110;Éboulis siliceux de l’étage montagnard à nival (Androsacetalia alpinae et Galeopsietalia ladani)
8110-1;Éboulis siliceux alpins à nivaux à éléments moyens et gros des Alpes
8110-2;Éboulis siliceux subalpins à alpins à éléments fins des Alpes
8110-3;Éboulis siliceux alpins à nivaux à éléments fins des Alpes
8110-4;Éboulis siliceux alpins d’ubacs, de Corse
8110-5;Éboulis siliceux montagnards à subalpins frais, des Alpes, du Massif central et des Vosges
8110-6;Éboulis siliceux montagnards à subalpins frais des Pyrénées
8110-7;Éboulis siliceux montagnards à alpins secs des Pyrénées
8120;Éboulis calcaires et de schistes calcaires des étages montagnard à alpin (Thlaspietea rotundifolii)
8120-1;Éboulis de calcschistes subalpins à nivaux des Alpes
8120-2;Éboulis calcaires subalpins à alpins à éléments moyens des Alpes
8120-3;Éboulis calcaires subalpins à alpins à éléments fins des Alpes
8120-4;Éboulis calcaires montagnards à subalpins à éléments fins des Alpes et du Jura
8120-5;Éboulis calcaires montagnards à subalpins à éléments moyens et gros des Alpes et du Jura
8120-6;Éboulis calcaires montagnards à subalpins à éléments moyens et gros des Pyrénées
8130;Éboulis ouest-méditerranéens et thermophiles
8130-1;Éboulis calcaires et calcaro-marneux des Préalpes du Sud et de Bourgogne
8130-10;Éboulis alpins d’adrets corses
8130-11;Éboulis carbonatés subalpins à Ancolie des Pyrénées et Dioscorée des Pyrénées
8130-12;Éboulis carbonatés subalpins à Ancolie visqueuse et Xatartie scabre, des Pyrénées
8130-13;Éboulis calcaires alpins à Fétuque des glaciers et Fétuque des Pyrénées
8130-14;Éboulis calcaires alpins et gélifracts des Pyrénées centrales
8130-15;Éboulis carbonatés subalpins à alpins à Ibéris spatulé et Renoncule à feuilles de parnassie, des Pyrénées
8130-16;Éboulis carbonatés subalpins à alpins à Crépide naine, des Pyrénées
8130-17;Éboulis calcaires subalpins à Petit pigamon pubescent et gaillet nain des Pyrénées centro-occidentales
8130-18;Éboulis carbonatés et siliceux subalpins à alpins à Saxifrage inaperçue, des Pyrénées
8130-19;Éboulis alpins, à Oxyria à deux styles et Doronic des Pyrénées
8130-2;Éboulis calcaires collinéens à montagnards à éléments moyens et gros, du Jura
8130-20;Éboulis carbonatés collinéens à montagnards des Pyrénées occidentales
8130-21;Éboulis siliceux et dalles érodées de l’étage cryonival, des Pyrénées centrales
8130-22;Éboulis calcaires mésoméditerranéens et supraméditerranéens à éléments moyens, du Midi
8130-23;Éboulis calcaires de Provence
8130-3;Éboulis carbonatés montagnards à subalpins à Cirse glabre, des Pyrénées
8130-4;Éboulis carbonatés montagnards à subalpins à Stipe calamagrostide, des Pyrénées
8130-5;Éboulis siliceux subalpins thermophiles, des Alpes
8130-6;Éboulis siliceux alpins à Séneçon à feuilles blanches, des Pyrénées
8130-7;Éboulis siliceux à Cryptogramme crispé et Pâturin du Mont Cenis, des Pyrénées
8130-8;Éboulis carbonatés alpins à Pensée de Lapeyrouse, des Pyrénées
8130-9;Éboulis schisteux alpins à Xatartie scabre, des Pyrénées
8150;Éboulis médio-européens siliceux des régions hautes
8150-1;Éboulis siliceux, collinéens à montagnards, des régions atlantiques et sub-continentales
8160;Éboulis médio-européens calcaires des étages collinéen à montagnard
8160-1;Éboulis crayeux de la vallée de la Seine et de la Champagne
8160-2;Éboulis calcaires collinéens, du nord-est de la France
8160-3;Éboulis calcaires collinéens à montagnards ombragés, de la moitié est de la France
8210;Pentes rocheuses calcaires avec végétation chasmophytique
8210-1;Falaises calcaires méditerranéennes thermophiles
8210-10;Falaises calcaires supraméditerranéennes à montagnardes, des Alpes du Sud et du Massif central méridional
8210-11;Falaises calcaires ensoleillées de la Bourgogne, du Jura et des Préalpes
8210-12;Falaises calcaires subalpines à alpines, des Alpes
8210-13;Falaises et rochers dolomitiques supraméditerranéens
8210-14;Végétation des fissures de rochers ou de pieds de falaises calcaires des étages supraforestiers
8210-15;Végétation des parois calcaires temporairement suintantes, de l’étage montagnard
8210-16;Végétation des rochers et gélifracts suintants, des étages montagnards à subalpins, des Pyrénées
8210-17;Falaises calcaires montagnardes à subalpines riches en mousses et en fougères, des Alpes et du Jura
8210-18;Falaises calcaires ombragées collinéennes à montagnardes, de la Bourgogne, du Jura, des Préalpes et des Pyrénées centrales
8210-19;Rochers calcaires alticoles de Corse
8210-2;Falaises calcaires du Narbonais, du Roussillon et des Corbières
8210-20;Végétation des rochers calcaires des étages subalpin et alpin, insensible à l’exposition
8210-21;Végétation des rochers calcaires de l'étage montagnard, insensible à l’exposition, des Pyrénées
8210-22;Végétation des rochers calcaires de l'étage subalpin, humides et de forte pente, des Pyrénées
8210-23;Végétation des rochers calcaires et conglomériques de l'étage montagnard, exposés au nord, des Pyrénées
8210-24;Falaises calcaires montagnardes à subalpines à Alysson des Pyrénées
8210-25;Végétation des vires et parois calcaires de l'étage montagnard des Pyrénées
8210-26;Végétation humo-épilithique des parois calcaires méditerranéennes
8210-3;Falaises de la bordure méridionale des Cévennes
8210-4;Falaises calcaires de basse altitude, de Corse
8210-5;Falaises calcaires de moyenne altitude, de Corse
8210-6;Encorbellements des falaises calcaires du Sud-Est
8210-7;Falaises calcaires mésoméditerranéennes à supraméditerranéennes du Sud-Est
8210-8;Falaises calcaires supraméditerranéennes à subalpines du Sud-Est
8210-9;Falaises calcaires planitiaires et collinéennes
8220;Pentes rocheuses siliceuses avec végétation chasmophytique
8220-1;Falaises siliceuses montagnardes à nivales des Alpes
8220-10;Falaises siliceuses alpines d’ubacs de Corse
8220-11;Falaises siliceuses supraméditerranéennes à subalpines de Corse
8220-12;Falaises siliceuses collinéennes à subalpines des Ardennes, Vosges, Jura et Alpes du Nord
8220-13;Falaises eu-atlantiques siliceuses
8220-14;Falaises siliceuses des Cévennes
8220-15;Falaises siliceuses montagnardes des Pyrénées
8220-16;Falaises atlantiques de serpentine
8220-17;Végétation des rochers et murettes siliceux de l’étage méditerranéen du Roussillon
8220-18;Falaises mésoméditerranéennes siliceuses de Provence
8220-19;Falaises mésoméditerranéennes siliceuses du Midi
8220-2;Végétation des fissures, des rochers siliceux suintants des étages montagnards à alpins, des Pyrénées centro-occidentales
8220-20;Falaises siliceuses thermophiles de Corse
8220-21;Végétation humo-épilithique des rochers et parois acidiclines vasco-cantabrique et bretonne
8220-22;Végétation humo-épilithiques des parois et dalles ombragées du Roussillon
8220-3;Végétation des rochers siliceux des étages subalpin et alpin des Pyrénées
8220-4;Végétation des anfractuosités, couloirs et crêtes siliceux, de l'étage alpin des Pyrénées
8220-5;Végétation des rochers siliceux de l'étage alpin, à Armoise, des Pyrénées
8220-6;Végétation des surplombs siliceux des étages subalpin et alpin des Pyrénées
8220-7;Végétation des crêtes siliceuses des étages montagnard et subalpin des Pyrénées centro-occidentales
8220-8;Falaises siliceuses montagnardes et subalpines du Massif central
8220-9;Falaises siliceuses subalpines à alpines des Alpes-Maritimes
8230;Roches siliceuses avec végétation pionnière du Sedo-Scleranthion ou du Sedo albi-Veronicion dillenii
8230-1;Pelouses pionnières montagnardes à subalpines des dalles siliceuses des Alpes et des Vosges
8230-2;Pelouses pionnières montagnardes à subalpines des dalles siliceuses du Massif central
8230-3;Pelouses pionnières montagnardes à subalpines des dalles siliceuses des Pyrénées
8230-4;Pelouses pionnières continentales et subatlantiques des dalles siliceuses sèches et chaudes
8230-5;Pelouses pionnières des affleurements schisteux du Massif armoricain intérieur
8310;Grottes non exploitées par le tourisme
8310-1;Grottes à chauves-souris
8310-2;Habitat souterrain terrestre
8310-3;Milieu souterrain superficiel (MSS)
8310-4;Rivières souterraines, zones noyées, nappes phréatiques
8330;Grottes marines submergées ou semi-submergées
8330-1;Grottes en mer à marées (façade atlantique)
8330-2;Biocénose des grottes médiolittorales (Méditerranée)
8330-3;Biocénose des grottes semi-obscures (Méditerranée)
8330-4;Biocénose des grottes obscures (Méditerranée)
8340;Glaciers permanents
8340-1;Glaciers véritables blancs ou noirs
8340-2;Glaciers rocheux (pergélisol)
9110;Hêtraies du Luzulo-Fagetum
9110-1;Hêtraies, hêtraies-chênaies acidiphiles collinéennes
9110-2;Hêtraies, hêtraies-sapinières acidiphiles de l’étage montagnard inférieur
9110-3;Hêtraies-sapinières acidiphiles de l’étage montagnard moyen
9110-4;Hêtraies-sapinières acidiphiles de l’étage montagnard supérieur
9120;Hêtraies atlantiques, acidophiles à sous-bois à Ilex et parfois à Taxus (Quercion robori-petraeae ou Ilici-Fagenion)
9120-1;Hêtraies-chênaies collinéennes hyperatlantiques à If et à Houx
9120-2;Hêtraies-chênaies collinéennes à Houx
9120-3;Hêtraies acidiphiles montagnardes à Houx
9120-4;Hêtraies-sapinières acidiphiles à Houx et Luzule des neiges
9130;Hêtraies de l’Asperulo-Fagetum
9130-1;Hêtraies-chênaies à Mélique, If et Houx
9130-10;Sapinières-hêtraies vosgiennes à Fétuque des bois
9130-11;Sapinières-hêtraies neutrophiles vosgiennes à Mercuriale pérenne
9130-12;Sapinières-hêtraies à Dentaire pennée
9130-13;Sapinières-hêtraies à Prêle des bois
9130-2;Hêtraies-chênaies à Lauréole ou Laîche glauque
9130-3;Hêtraies-chênaies à Jacinthe des bois
9130-4;Hêtraies-chênaies subatlantiques à Mélique ou à Chèvrefeuille
9130-5;Hêtraies-chênaies à Aspérule odorante et Mélique uniflore
9130-6;Hêtraies-chênaies à Paturin de Chaix
9130-7;Hêtraies, hêtraies-sapinières acidiclines à Millet diffus
9130-8;Hêtraies à Tilleul d’ubac sur sol carbonaté
9130-9;Hêtraies, hêtraies-sapinières calciclines à Orge d’Europe
9140;Hêtraies subalpines médio-européennes à Acer et Rumex arifolius
9140-1;Hêtraies subalpines à Érable et à Oseille à feuilles d’Arum des Vosges
9140-2;Hêtraies subalpines à Érable et Oseille à feuilles d’Arum du Jura et des Alpes
9140-3;Hêtraies subalpines à Érable et Oseille à feuilles d’Arum du Massif central et des Pyrénées
9150;Hêtraies calcicoles médio-européennes du Cephalanthero-Fagion
9150-1;Chênaies-hêtraies collinéennes à Seslérie bleue et grémil pourpre
9150-2;Hêtraies-chênaies collinéennes à Laîche blanche
9150-3;Hêtraies, hêtraies-sapinières montagnardes à Laîche blanche
9150-4;Hêtraies à Seslérie bleue
9150-5;Hêtraies et hêtraies-sapinières montagnardes à If
9150-6;Hêtraies-sapinières et hêtraies-pineraies à Polygale petit buis des Alpes intermédiaires
9150-7;Sapinières des Alpes internes à Laîche blanche
9150-8;Hêtraies, hêtraies-sapinières montagnardes à Buis
9150-9;Hêtraies, hêtraies-sapinières à Seslérie bleue des Pyrénées
9160;Chênaies pédonculées ou chênaies-charmaies subatlantiques et médio-européennes du Carpinion betuli
9160-1;Chênaies pédonculées calcicoles continentales
9160-2;Chênaies pédonculées neutrophiles à Primevère élevée
9160-3;Chênaies pédonculées neutroacidiclines à méso-acidiphiles
9170;Chênaies-charmaies du Galio-Carpinetum
9170-1;Chênaies sessiliflores continentales à gaillet des bois
9170-2;Tillaies rhénanes à Laîche blanche
9180;Forêts de pentes, éboulis, ravins du Tilio-Acerion
9180-1;Ormaies-frênaies de ravin, atlantiques à gouet d’Italie
9180-10;Tillaies hygrosciaphiles, calcicoles à acidiclines, du Massif central et des Pyrénées
9180-11;Tillaies sèches à Érables sycomore et plane du nord-est de la France
9180-12;Tillaies sèches de Bourgogne, du Jura et des Alpes
9180-13;Tillaies sèches à Buis des Pyrénées
9180-14;Tillaies acidiphiles à Valériane triséquée du Massif central
9180-15;Érablaies et tillaies acidiphiles du nord-est de la France
9180-2;Frênaies de ravins hyperatlantiques à Scolopendre
9180-3;Ormaies à Orme de montagne et Androsème
9180-4;Érablaies à Scolopendre et Lunaire des pentes froides à éboulis grossiers
9180-5;Érablaies à Corydale et Moschatelline de vallées ou dépressions
9180-6;Érablaies montagnardes et subalpines à Orme de montagne
9180-7;Érablaies à Alisier blanc du montagnard supérieur et du subalpin
9180-8;Érablaies à Barbe de bouc sur pentes fortes à colluvions fines
9180-9;Érablaies à Aspérule de Turin
9190;Vieilles chênaies acidiphiles des plaines sablonneuses à Quercus robur
9190-1;Chênaies pédonculées à Molinie bleue
91D0;Tourbières boisées
91D0-1.1;Boulaies pubescentes tourbeuses de plaine
91D0-1.2;Boulaies pubescentes tourbeuses de montagne
91D0-2;Pineraies tourbeuses à Pin sylvestre
91D0-3;Pineraies tourbeuses de Pin à crochets
91D0-4;Pessières de contact des tourbières bombées
9,10E+01;Forêts alluviales à Alnus glutinosa et Fraxinus excelsior (Alno-Padion, Alnion incanae, Salicion albae)
91E0-1;Saulaies arborescentes à Saule blanc
91E0-10;Frênaies-ormaies continentales à Cerisier à grappes des rivières à cours lent
91E0-11;Aulnaies à hautes herbes
91E0-2;Saulaies arborescentes à Saule cassant
91E0-3;Peupleraies sèches à Peuplier noir
91E0-4;Aulnaies blanches
91E0-5;Frênaies-érablaies des rivières à eaux vives sur calcaires
91E0-6;Aulnaies-frênaies de rivières à eaux rapides à Stellaire des bois sur alluvions siliceuses
91E0-7;Aulnaies-frênaies caussenardes et des Pyrénées orientales
91E0-8;Aulnaies-frênaies à Laîche espacée des petits ruisseaux
91E0-9;Frênaies-ormaies atlantiques à Aegopode des rivières à cours lent
91F0;Forêts mixtes de Quercus robur, Ulmus laevis, Ulmus minor, Fraxinus excelsior ou Fraxinus angustifolia riveraines des grands fleuves (Ulmenion minoris)
91F0-1;Peupleraies blanches-Frênaies rhénanes
91F0-2;Chênaies-ormaies rhénanes
91F0-3;Chênaies-ormaies à Frêne oxyphylle
9230;Chênaies galicio-portugaises à Quercus robur et Quercus pyrenaica
9230-1;Chênaies pionnières à Chêne tauzin et Asphodèle blanche du centre-ouest et du sud-ouest
9230-2;Chênaies à Chêne tauzin et Bouleau de Sologne
9230-3;Chênaies mélangées du massif landais
9230-4;Chênaies pionnières acidiphiles du Bassin aquitain et du Piémont pyrénéen
9260;Forêts à Castana sativa
9260-1.1;Châtaigneraies cévenoles des étages mésoméditerranéen supérieur et supraméditerranéen inférieur
9260-1.2;Châtaigneraies cévenoles du supraméditerranéen supérieur
9260-1.3;Châtaigneraies cévenoles collinéennes
9260-1.4;Châtaigneraies cévenoles de l’étage montagnard
9260-2;Châtaigneraies des Pyrénées orientales
9260-3;Châtaigneraies provençales
9260-4;Châtaigneraies de la Corse
92A0;Forêts galeries à Salix alba et Populus alba
92A0-1;Saulaies blanches à Aulne blanc
92A0-2;Peupleraies noires à Baldingère
92A0-3;Peupleraies noires sèches méridionales
92A0-4;Aulnaies à Aulne glutineux et Aulne à feuilles cordées de Corse
92A0-5;Aulnaies-Tillaies de Provence siliceuse
92A0-6;Peupleraies blanches
92A0-7;Aulnaies-Frênaies à Frêne oxyphylle
92A0-8;Ostryaies à Mélique à une fleur des vallons encaissés des Alpes-Maritimes
92A0-9;Chênaies-Ormaies méditerranéennes
92D0;Galeries et fourrés riverains méridionaux (Nerio-Tamaricetea et Securinegion tinctoriae)
92D0-1;Galeries riveraines à Laurier-rose
92D0-2;Galeries riveraines à gattilier
92D0-3;Galeries riveraines à Tamaris
9320;Forêts à Olea et Ceratonia
9320-1;Peuplements à Oléastre, Lentisque de la côte varoise
9320-2;Peuplements à Oléastre, Lentisque et Caroubier de la Côte d’Azur
9320-3;Peuplements à Lentisque, Oléastre et Clématite à toupet du littoral corse
9330;Forêts à Quercus suber
9330-1;Suberaies mésophiles provençales à Cytise de Montpellier
9330-2;Suberaies provençales thermoxérophiles à genêt à feuilles de lin
9330-3;Suberaies corses
9330-4;Suberaies des Pyrénées orientales
9330-5;Suberaies sous Pin maritime de l’est landais
9340;Forêts à Quercus ilex et Quercus rotundifolia
9340-1;Yeuseraies matures à Épipactis à petites feuilles
9340-10;Yeuseraies aquitaines
9340-11;Yeuseraies corses à gallet scabre
9340-12;Yeuseraies corses à Houx
9340-2;Yeuseraies à Arisarum vulgare du mésoméditerranéen inférieur
9340-3;Yeuseraies à Laurier-tin
9340-4;Yeuseraies calcicoles à Piptatherum paradoxal des Cévennes
9340-5;Yeuseraies calcicoles supraméditerranéennes à Buis
9340-6;Yeuseraies acidiphiles à Asplénium fougère d’âne
9340-7;Yeuseraies à Frêne à fleurs
9340-8;Yeuseraies-chênaies pubescentes à gesce à larges feuilles
9340-9;Yeuseraies à genévrier de Phénicie des falaises continentales
9380;Forêts d'Ilex aquifolium
9380-1;Chênaies vertes acidiphiles à Houx des Cévennes et des Maures
9380-2;Chênaies pubescentes à Houx de Provence et du Languedoc
9380-3;Chênaies vertes à Houx de Corse
9380-4;Taxaies à Aspérule odorante et à Houx de Corse
9410;Forêts acidophiles à Picea des étages montagnard à alpin (Vaccinio-Piceetea)
9410-1;Pessières à Doradille de lapiaz ou éboulis calcaires
9410-10;Sapinières à Épicéa à Véronique à feuilles d’Ortie des Alpes internes
9410-11;Sapinières subalpines à Rhododendron
9410-12;Pessières subalpines calcicoles à Polygale petit buis
9410-2;Pessières à Bazzanie à trois lobes des éboulis siliceux
9410-3;Pessières subalpines mésophiles à Homogyne alpine
9410-4;Pessières mésohygrophiles à hautes herbes
9410-5;Pessières subalpines acidiphiles xérophiles à Airelle rouge
9410-6;Pessières hygrophiles à Sphaignes sur sols marneux
9410-7;Sapinières hyperacidiphiles, mésophiles, froides à Lycopodes
9410-8;Sapinières hyperacidiphiles à Sphaignes
9410-9;Sapinières-pessières sèches à Airelle rouge
9420;Forêts alpines à Larix decidua et/ou Pinus cembra
9420-1;Cembraies à Myrtille et Rhododendron
9420-2;Cembraies, mélézeins sur mégaphorbiaies
9420-3;Cembraies à Calamagrostis villeux
9420-4;Cembraies xérophiles à Cotonéaster
9420-5;Cembraies sur calcaire ou sur gypse
9420-6;Mélézeins pré-bois sur prairies ou pelouses
9430;Forêts montagnardes et subalpines à Pinus uncinata (* si sur substrat gypseux ou calcaire)
9430-1;Pineraies mésophiles de Pin à crochets à Bruyère des neiges des Alpes internes
9430-10;Peuplements de Pin à crochets et d’Épicéa nain sur éboulis gelés
9430-11;Pineraies acidiphiles de Pin à crochets à Véronique officinale des Pyrénées et du Massif central
9430-12;Pineraies mésophiles sur sols siliceux en ombrée des Pyrénées
9430-2;Pineraies sèches de Pin à crochets à Ononide à feuilles rondes des Alpes internes
9430-3;Pineraies mésophiles de Pin à crochets, calcicoles et montagnardes des Alpes externes
9430-4;Pineraies xérophiles de Pin à crochets, calcicoles et montagnardes des Alpes externes et du Jura
9430-5;Pineraies de Pin à crochets calcicoles des Pyrénées
9430-6;Pineraies subalpines de Pin à crochets calcicoles à genévrier hémisphérique
9430-7;Pineraies sèches subalpines de Pin à crochets à Cotonéaster des Alpes
9430-8;Pineraies sèches de Pin à crochets sur sols siliceux des Pyrénées
9430-9;Pineraies hygrosciaphiles subalpines de Pin à crochets, à Lycopode sabine du Jura et des préalpes calcaires
9530;Pinèdes (sub-)méditerranéennes de pins noirs endémiques
9530-1;Pinèdes (sub-)méditerranéennes de pins noirs endémiques : Pin de Salzmann
9530-1.1;Peuplements mésoméditerranéens de Pin de Salzmann de l’Hérault
9530-1.2;Peuplements supraméditerranéens de Pin de Salzmann de l’Hérault
9530-1.3;Peuplements caussenards de Pin de Salzmann du montagnard inférieur
9530-1.4;Peuplements de Pin de Salzmann des Pyrénées orientales
9530-1.5;Peuplements cévenoles méso- et supraméditerranéens de Pin de Salzmann sur silice
9530-2;Pinèdes (sub-)méditerranéennes de pins noirs endémiques : Pinus nigra subsp. laricio var. corsicana
9530-2.1;Peuplements supraméditerranéens de Pin laricio de Corse à Bruyère arborescente
9530-2.2;Peuplements clairs d’adret de Pin laricio de Corse à Anthyllide faux hermannia
9530-2.3;Peuplements denses montagnards de Pin laricio de Corse à Luzule du Piémont
9540;Pinèdes méditerranéennes de pins mésogéens endémiques
9540-1;Pinèdes méditerranéennes de pins mésogéens endémiques : Pin maritime
9540-1.1;Peuplements de Pin maritime des Corbières
9540-1.2;Peuplements de Pin maritime de Provence et Alpes-Maritimes sur substrats siliceux en basse altitude
9540-1.3;Peuplements de Pin maritime de Provence et Alpes-Maritimes sur substrats siliceux à plus de 350 m
9540-1.4;Peuplements de Pin maritime de Provence et Alpes-Maritimes sur substrats calcaires et dolomitiques
9540-1.5;Peuplements mésoméditerranéens de Pin maritime de Corse
9540-1.6;Peuplements supraméditerranéens de Pin maritime de Corse
9540-2;Pinèdes méditerranéennes de pins mésogéens endémiques : Pin pignon
9540-2.1;Peuplements non dunaires du Pin pignon sur substrat siliceux
9540-2.2;Peuplements non dunaires du Pin pignon sur calcaires ou marnes
9540-3;Pinèdes méditerranéennes de pins mésogéens endémiques : Pin d’Alep
9540-3.1;Peuplements de Pin d’Alep de transition entre le thermo et le mésoméditerranéen
9540-3.2;Peuplements littoraux de Pin d’Alep et Oléastre du thermoméditerranéen supérieur
9540-3.3;Peuplements littoraux de Pin d’Alep et genévriers de Phénicie sur sables ou rochers
9560 et 5210;Forêts endémiques à Juniperus spp. (9560*) ou Mattorals arborescents à Juniperus spp. (5210) (Peuplements de Genévrier thurifère)
9580;Bois méditerranéens à Taxus baccata
9580-1;Peuplements corses d’If à Aspérule odorante
9580-2;Peuplements d’If dans les forêts corses
