Code Dupias & Rey 1985;Region phyto-écologique
I; MASSIF SCHISTEUX RHENAN
I.B; MASSIF SCHISTEUX RHENAN : Ardenne française
I.B1; MASSIF SCHISTEUX RHENAN : Ardenne française : Plateau ardennais
II; BASSIN PARISIEN ET VALLEE DE LA LOIRE
II.A; BASSIN PARISIEN ET VALLEE DE LA LOIRE : Vallées
II.A1; BASSIN PARISIEN ET VALLEE DE LA LOIRE : Vallées : Plaine maritime flamande
II.A2; BASSIN PARISIEN ET VALLEE DE LA LOIRE : Vallées : Plaine de la Somme
II.A2'; BASSIN PARISIEN ET VALLEE DE LA LOIRE : Vallées : Plaine maritime picarde
II.A2''; BASSIN PARISIEN ET VALLEE DE LA LOIRE : Vallées : Plaine du Marquenterre
II.A3; BASSIN PARISIEN ET VALLEE DE LA LOIRE : Vallées : Vallée de l'Oise (et basses vallées affluentes)
II.A4; BASSIN PARISIEN ET VALLEE DE LA LOIRE : Vallées : Vallée de l'Aisne
II.A5; BASSIN PARISIEN ET VALLEE DE LA LOIRE : Vallées : Vallée de la Suippe
II.A6; BASSIN PARISIEN ET VALLEE DE LA LOIRE : Vallées : Vallée de la Vesle 
II.A7; BASSIN PARISIEN ET VALLEE DE LA LOIRE : Vallées : Vallée de la Marne (et basses vallées affluentes) 
II.A7'; BASSIN PARISIEN ET VALLEE DE LA LOIRE : Vallées : Marais de St-Gond 
II.A8; BASSIN PARISIEN ET VALLEE DE LA LOIRE : Vallées : Vallée de l'Ornain 
II.A9; BASSIN PARISIEN ET VALLEE DE LA LOIRE : Vallées : Vallée de la Meuse 
II.A10; BASSIN PARISIEN ET VALLEE DE LA LOIRE : Vallées : Vallée de la Moselle 
II.A11; BASSIN PARISIEN ET VALLEE DE LA LOIRE : Vallées : Basse vallée de la Seine 
II.A12; BASSIN PARISIEN ET VALLEE DE LA LOIRE : Vallées : Moyenne vallée de la Seine 
II.A12'; BASSIN PARISIEN ET VALLEE DE LA LOIRE : Vallées : La Bassée 
II.A13; BASSIN PARISIEN ET VALLEE DE LA LOIRE : Vallées : Vallée de l'Yonne 
II.A14; BASSIN PARISIEN ET VALLEE DE LA LOIRE : Vallées : Vallée de l'Aube (et basses vallées affluentes)
II.A14'; BASSIN PARISIEN ET VALLEE DE LA LOIRE : Vallées : Plaine de Brienne 
II.A15; BASSIN PARISIEN ET VALLEE DE LA LOIRE : Vallées : Basse et moyenne vallée de la Loire 
II.A15a; BASSIN PARISIEN ET VALLEE DE LA LOIRE : Vallées : Basse et moyenne vallée de la Loire 
II.A16; BASSIN PARISIEN ET VALLEE DE LA LOIRE : Vallées : Vallée de la Vienne 
II.A17; BASSIN PARISIEN ET VALLEE DE LA LOIRE : Vallées : Vallée du Cher 
II.A18; BASSIN PARISIEN ET VALLEE DE LA LOIRE : Vallées : Vallée du Loir
II.A19; BASSIN PARISIEN ET VALLEE DE LA LOIRE : Vallées : Zone alluviale Douve-Taute-Vire
II.A20; BASSIN PARISIEN ET VALLEE DE LA LOIRE : Vallées : Vallée de l'Orne
II.A21; BASSIN PARISIEN ET VALLEE DE LA LOIRE : Vallées : Vallée de la Dives
II.A22; BASSIN PARISIEN ET VALLEE DE LA LOIRE : Vallées : Basse vallée de la Touques
II.A23; BASSIN PARISIEN ET VALLEE DE LA LOIRE : Vallées : Basse vallée de l'Allier
II.B; BASSIN PARISIEN ET VALLEE DE LA LOIRE : Auréoles externes orientales du Bassin Parisien
II.B1a; BASSIN PARISIEN ET VALLEE DE LA LOIRE : Auréoles externes orientales du Bassin Parisien : Plateau lorrain
II.B1a'; BASSIN PARISIEN ET VALLEE DE LA LOIRE : Auréoles externes orientales du Bassin Parisien : Plateau lorrain, secteur à dominante forestière
II.B1a''; BASSIN PARISIEN ET VALLEE DE LA LOIRE : Auréoles externes orientales du Bassin Parisien : Pays d'Amance 
II.B1b; BASSIN PARISIEN ET VALLEE DE LA LOIRE : Auréoles externes orientales du Bassin Parisien : Haute Sarre
II.B1c; BASSIN PARISIEN ET VALLEE DE LA LOIRE : Auréoles externes orientales du Bassin Parisien : Bassiqny
II.B2a; BASSIN PARISIEN ET VALLEE DE LA LOIRE : Auréoles externes orientales du Bassin Parisien : Côtes de Moselle
II.B2a'; BASSIN PARISIEN ET VALLEE DE LA LOIRE : Auréoles externes orientales du Bassin Parisien : Côtes calcaires ardennaises
II.B2b; BASSIN PARISIEN ET VALLEE DE LA LOIRE : Auréoles externes orientales du Bassin Parisien : Côtes de Moselle, zone marneuse
II.B2c; BASSIN PARISIEN ET VALLEE DE LA LOIRE : Auréoles externes orientales du Bassin Parisien : Plateaux du Barrois et de Lanqres
II.B2d; BASSIN PARISIEN ET VALLEE DE LA LOIRE : Auréoles externes orientales du Bassin Parisien : Plateau du Chatillonnais
II.B3; BASSIN PARISIEN ET VALLEE DE LA LOIRE : Auréoles externes orientales du Bassin Parisien : Dépression Sedan-Mézières
II.B4a; BASSIN PARISIEN ET VALLEE DE LA LOIRE : Auréoles externes orientales du Bassin Parisien : Woevre
II.B4a'; BASSIN PARISIEN ET VALLEE DE LA LOIRE : Auréoles externes orientales du Bassin Parisien : Dépression ardennaise
II.B5; BASSIN PARISIEN ET VALLEE DE LA LOIRE : Auréoles externes orientales du Bassin Parisien : Côtes calcaires
II.B5a; BASSIN PARISIEN ET VALLEE DE LA LOIRE : Auréoles externes orientales du Bassin Parisien : Côtes de Meuse
II.B5b; BASSIN PARISIEN ET VALLEE DE LA LOIRE : Auréoles externes orientales du Bassin Parisien : Côte des Bars-Tonnerrois
II.B5b';" BASSIN PARISIEN ET VALLEE DE LA LOIRE : Auréoles externes orientales du Bassin Parisien : ""Vallée"""
II.B5c; BASSIN PARISIEN ET VALLEE DE LA LOIRE : Auréoles externes orientales du Bassin Parisien : Plateau de Bourgogne
II.B5d; BASSIN PARISIEN ET VALLEE DE LA LOIRE : Auréoles externes orientales du Bassin Parisien : Bourgogne nivernaise
II.B6; BASSIN PARISIEN ET VALLEE DE LA LOIRE : Auréoles externes orientales du Bassin Parisien : Champagne berrichonne
II.B7; BASSIN PARISIEN ET VALLEE DE LA LOIRE : Auréoles externes orientales du Bassin Parisien : Enveloppe liasique du Morvan
II.B7a; BASSIN PARISIEN ET VALLEE DE LA LOIRE : Auréoles externes orientales du Bassin Parisien : Collines du Nivernais
II.B7b; BASSIN PARISIEN ET VALLEE DE LA LOIRE : Auréoles externes orientales du Bassin Parisien : Bazois
II.B7c; BASSIN PARISIEN ET VALLEE DE LA LOIRE : Auréoles externes orientales du Bassin Parisien : Terre plaine
II.B7d; BASSIN PARISIEN ET VALLEE DE LA LOIRE : Auréoles externes orientales du Bassin Parisien : Auxois
II.B8; BASSIN PARISIEN ET VALLEE DE LA LOIRE : Auréoles externes orientales du Bassin Parisien : Vallée de Germigny
II.B9; BASSIN PARISIEN ET VALLEE DE LA LOIRE : Auréoles externes orientales du Bassin Parisien : Boischaut Sud (= Bas Berry liasique)
II.B'; BASSIN PARISIEN ET VALLEE DE LA LOIRE : Auréoles externes orientales du Bassin Parisien : Auréoles externes occidentales du Bassin Parisien
II.B'10a; BASSIN PARISIEN ET VALLEE DE LA LOIRE : Auréoles externes orientales du Bassin Parisien : Plaine du Seuil du Poitou
II.B'10b; BASSIN PARISIEN ET VALLEE DE LA LOIRE : Auréoles externes orientales du Bassin Parisien : Plaine calcaire du Loudunois
II.B'10c; BASSIN PARISIEN ET VALLEE DE LA LOIRE : Auréoles externes orientales du Bassin Parisien : Plaine du Poitou avec couverture de sable et cailloutis
II.B'10d; BASSIN PARISIEN ET VALLEE DE LA LOIRE : Auréoles externes orientales du Bassin Parisien : Plaine du Poitou
II.B'11; BASSIN PARISIEN ET VALLEE DE LA LOIRE : Auréoles externes orientales du Bassin Parisien : Champagne du Maine, Campagne du Saosnois
II.B12; BASSIN PARISIEN ET VALLEE DE LA LOIRE : Auréoles externes orientales du Bassin Parisien : Campagnes de Sées et de Mêle
II.B13; BASSIN PARISIEN ET VALLEE DE LA LOIRE : Auréoles externes orientales du Bassin Parisien : Campagne de Caen
II.B14; BASSIN PARISIEN ET VALLEE DE LA LOIRE : Auréoles externes orientales du Bassin Parisien : Bessin
II.B15; BASSIN PARISIEN ET VALLEE DE LA LOIRE : Auréoles externes orientales du Bassin Parisien : Pays d'Auge
II.B16; BASSIN PARISIEN ET VALLEE DE LA LOIRE : Auréoles externes orientales du Bassin Parisien : Pays de Bray
II.B17; BASSIN PARISIEN ET VALLEE DE LA LOIRE : Auréoles externes orientales du Bassin Parisien : Boulonnais
II.C; BASSIN PARISIEN ET VALLEE DE LA LOIRE : Dépressions triasiques
II.C1; BASSIN PARISIEN ET VALLEE DE LA LOIRE : Dépressions triasiques : Dépression de la Warndt
II.C2; BASSIN PARISIEN ET VALLEE DE LA LOIRE : Dépressions triasiques : Dépression du Sud-Cotentin
II.D; BASSIN PARISIEN ET VALLEE DE LA LOIRE : Auréole de Crétacé supérieur
II.D1a; BASSIN PARISIEN ET VALLEE DE LA LOIRE : Auréole de Crétacé supérieur : Haut-Artois,Ternois
II.D1a'; BASSIN PARISIEN ET VALLEE DE LA LOIRE : Auréole de Crétacé supérieur : Bas-Artois, Cambrésis
II.D1b; BASSIN PARISIEN ET VALLEE DE LA LOIRE : Auréole de Crétacé supérieur : Picardie (Santerre)
II.D1b'; BASSIN PARISIEN ET VALLEE DE LA LOIRE : Auréole de Crétacé supérieur : Vermandois
II.D1b''; BASSIN PARISIEN ET VALLEE DE LA LOIRE : Auréole de Crétacé supérieur : Porcien, Laonnois
II.D1b'''; BASSIN PARISIEN ET VALLEE DE LA LOIRE : Auréole de Crétacé supérieur : Laonnois alluvial
II.D1c; BASSIN PARISIEN ET VALLEE DE LA LOIRE : Auréole de Crétacé supérieur : Mélantois
II.D1d; BASSIN PARISIEN ET VALLEE DE LA LOIRE : Auréole de Crétacé supérieur : Paysminier
II.D1e; BASSIN PARISIEN ET VALLEE DE LA LOIRE : Auréole de Crétacé supérieur : Avesnois-Thiérache
II.D1e'; BASSIN PARISIEN ET VALLEE DE LA LOIRE : Auréole de Crétacé supérieur : Hainaut (zone de transition entre Cambrésis et Thiérache)
II.D1f; BASSIN PARISIEN ET VALLEE DE LA LOIRE : Auréole de Crétacé supérieur : Pays de Caux
II.D1g; BASSIN PARISIEN ET VALLEE DE LA LOIRE : Auréole de Crétacé supérieur : Vexin normand-Pays de Thelle
II.D1g'; BASSIN PARISIEN ET VALLEE DE LA LOIRE : Auréole de Crétacé supérieur : Beauvaisis 
II.D1h; BASSIN PARISIEN ET VALLEE DE LA LOIRE : Auréole de Crétacé supérieur : Roumois, Campagne de Neubourg, plaine St-André
II.D1i; BASSIN PARISIEN ET VALLEE DE LA LOIRE : Auréole de Crétacé supérieur : Thymerais, Chartrais, Pays d'Ouch , Gâtine tourangelle
II.D1j; BASSIN PARISIEN ET VALLEE DE LA LOIRE : Auréole de Crétacé supérieur : Collines du Perche
II.D1k; BASSIN PARISIEN ET VALLEE DE LA LOIRE : Auréole de Crétacé supérieur : Perche bocaqer
II.D1k'; BASSIN PARISIEN ET VALLEE DE LA LOIRE : Auréole de Crétacé supérieur : Perche : zone de grande culture
II.D1k''; BASSIN PARISIEN ET VALLEE DE LA LOIRE : Auréole de Crétacé supérieur : Perche : zone à couverture forestière importante
II.D1l; BASSIN PARISIEN ET VALLEE DE LA LOIRE : Auréole de Crétacé supérieur : Zones de calcaires lacustres 
II.D2; BASSIN PARISIEN ET VALLEE DE LA LOIRE : Auréole de Crétacé supérieur : Gâtine de Loches et Boischaut Nord 
II.D2'; BASSIN PARISIEN ET VALLEE DE LA LOIRE : Auréole de Crétacé supérieur : Champeigne 
II.D3; BASSIN PARISIEN ET VALLEE DE LA LOIRE : Auréole de Crétacé supérieur : Touraine, zone à tuffeau 
II.D3'; BASSIN PARISIEN ET VALLEE DE LA LOIRE : Auréole de Crétacé supérieur : Touraine, zone des marnes 
II.D4; BASSIN PARISIEN ET VALLEE DE LA LOIRE : Auréole de Crétacé supérieur : Brandes 
II.D5; BASSIN PARISIEN ET VALLEE DE LA LOIRE : Auréole de Crétacé supérieur : Champagne crayeuse 
II.D5'; BASSIN PARISIEN ET VALLEE DE LA LOIRE : Auréole de Crétacé supérieur : Champagne senonaise 
II.D6; BASSIN PARISIEN ET VALLEE DE LA LOIRE : Auréole de Crétacé supérieur : Pays d'Othe 
II.E; BASSIN PARISIEN ET VALLEE DE LA LOIRE : Auréole de Crétacé argileux ou sableux
II.E1; BASSIN PARISIEN ET VALLEE DE LA LOIRE : Auréole de Crétacé argileux ou sableux : Champagne argileuse
II.E1a; BASSIN PARISIEN ET VALLEE DE LA LOIRE : Auréole de Crétacé argileux ou sableux : Vallage 
II.E1b; BASSIN PARISIEN ET VALLEE DE LA LOIRE : Auréole de Crétacé argileux ou sableux : Perthois 
II.E1c; BASSIN PARISIEN ET VALLEE DE LA LOIRE : Auréole de Crétacé argileux ou sableux : Champagne humide 
II.E1'; BASSIN PARISIEN ET VALLEE DE LA LOIRE : Auréole de Crétacé argileux ou sableux : Argonne 
II.E2; BASSIN PARISIEN ET VALLEE DE LA LOIRE : Auréole de Crétacé argileux ou sableux : Puisaye 
II.E3; BASSIN PARISIEN ET VALLEE DE LA LOIRE : Auréole de Crétacé argileux ou sableux : Pays Fortet Sancerrois 
II.F; BASSIN PARISIEN ET VALLEE DE LA LOIRE : Zones à couverture détritique 
II.F1; BASSIN PARISIEN ET VALLEE DE LA LOIRE : Zones à couverture détritique  : Brandes de l'Indre 
II.F1'; BASSIN PARISIEN ET VALLEE DE LA LOIRE : Zones à couverture détritique  : Petite Brenne 
II.F2; BASSIN PARISIEN ET VALLEE DE LA LOIRE : Zones à couverture détritique  : Brenne 
II.F3; BASSIN PARISIEN ET VALLEE DE LA LOIRE : Zones à couverture détritique  : Sologne
II.F3a; BASSIN PARISIEN ET VALLEE DE LA LOIRE : Zones à couverture détritique  : Grande Sologne 
II.F3b; BASSIN PARISIEN ET VALLEE DE LA LOIRE : Zones à couverture détritique  : Sologne viticole 
II.F3'; BASSIN PARISIEN ET VALLEE DE LA LOIRE : Zones à couverture détritique  : Orléanais 
II.F4; BASSIN PARISIEN ET VALLEE DE LA LOIRE : Zones à couverture détritique  : Placages de Sidérolithique 
II.G; BASSIN PARISIEN ET VALLEE DE LA LOIRE : Zone centrale, à sédiments Tertiaires
II.G1; BASSIN PARISIEN ET VALLEE DE LA LOIRE : Zone centrale, à sédiments Tertiaires : Beauce 
II.G1'; BASSIN PARISIEN ET VALLEE DE LA LOIRE : Zone centrale, à sédiments Tertiaires : Gâtinais de l'Ouest 
II.G2; BASSIN PARISIEN ET VALLEE DE LA LOIRE : Zone centrale, à sédiments Tertiaires : Hurepoix
II.G2a; BASSIN PARISIEN ET VALLEE DE LA LOIRE : Zone centrale, à sédiments Tertiaires : occidental (Massif de Rambouillet) 
II.G2b; BASSIN PARISIEN ET VALLEE DE LA LOIRE : Zone centrale, à sédiments Tertiaires : central 
II.G2c; BASSIN PARISIEN ET VALLEE DE LA LOIRE : Zone centrale, à sédiments Tertiaires : oriental 
II.G2'; BASSIN PARISIEN ET VALLEE DE LA LOIRE : Zone centrale, à sédiments Tertiaires : Forêt de Fontainebleau 
II.G3; BASSIN PARISIEN ET VALLEE DE LA LOIRE : Zone centrale, à sédiments Tertiaires : Mantois 
II.G4; BASSIN PARISIEN ET VALLEE DE LA LOIRE : Zone centrale, à sédiments Tertiaires : Vexin français 
II.G5; BASSIN PARISIEN ET VALLEE DE LA LOIRE : Zone centrale, à sédiments Tertiaires : Clermontois 
II.G6; BASSIN PARISIEN ET VALLEE DE LA LOIRE : Zone centrale, à sédiments Tertiaires : Noyonnais 
II.G7; BASSIN PARISIEN ET VALLEE DE LA LOIRE : Zone centrale, à sédiments Tertiaires : Soissonnais 
II.G8; BASSIN PARISIEN ET VALLEE DE LA LOIRE : Zone centrale, à sédiments Tertiaires : Tardenois, Montagne de Reims 
II.G9; BASSIN PARISIEN ET VALLEE DE LA LOIRE : Zone centrale, à sédiments Tertiaires : Valois 
II.G9a; BASSIN PARISIEN ET VALLEE DE LA LOIRE : Zone centrale, à sédiments Tertiaires : occidental 
II.G9b; BASSIN PARISIEN ET VALLEE DE LA LOIRE : Zone centrale, à sédiments Tertiaires : central 
II.G9c; BASSIN PARISIEN ET VALLEE DE LA LOIRE : Zone centrale, à sédiments Tertiaires : oriental 
II.G9'; BASSIN PARISIEN ET VALLEE DE LA LOIRE : Zone centrale, à sédiments Tertiaires : Vieille-France 
II.G10a; BASSIN PARISIEN ET VALLEE DE LA LOIRE : Zone centrale, à sédiments Tertiaires : Goële et Multien 
II.G10b; BASSIN PARISIEN ET VALLEE DE LA LOIRE : Zone centrale, à sédiments Tertiaires : Orxois 
II.G11a; BASSIN PARISIEN ET VALLEE DE LA LOIRE : Zone centrale, à sédiments Tertiaires : Plateau de Brie 
II.G11b; BASSIN PARISIEN ET VALLEE DE LA LOIRE : Zone centrale, à sédiments Tertiaires : Brie champenoise 
II.G12; BASSIN PARISIEN ET VALLEE DE LA LOIRE : Zone centrale, à sédiments Tertiaires : Gâtinais de l'Est 
II.G13; BASSIN PARISIEN ET VALLEE DE LA LOIRE : Zone centrale, à sédiments Tertiaires : Agglomération parisienne 
II.H; BASSIN PARISIEN ET VALLEE DE LA LOIRE : Zone tertiaire de Flandre
II.H1a; BASSIN PARISIEN ET VALLEE DE LA LOIRE : Zone tertiaire de Flandre : Plaine de Flandre intérieure 
II.H1b; BASSIN PARISIEN ET VALLEE DE LA LOIRE : Zone tertiaire de Flandre : Plaine de la Lys 
II.H1c; BASSIN PARISIEN ET VALLEE DE LA LOIRE : Zone tertiaire de Flandre : Bassin d'Orchies (Pévèle) 
III; VOSGES
III.A; VOSGES : Vosges cristallines - Noyau hercynien
III.A1; VOSGES : Vosges cristallines - Noyau hercynien : Zone collinéenne 
III.A2; VOSGES : Vosges cristallines - Noyau hercynien : Zone montagnarde boisée 
III.A3; VOSGES : Vosges cristallines - Noyau hercynien : Zone culminaie 
III.B; VOSGES : Basses-Vosges gréseuses 
III.B1; VOSGES : Basses-Vosges gréseuses  : Zone collinéenne 
III.B1'; VOSGES : Basses-Vosges gréseuses  : La Vôge (zone collinéenne occidentale ) 
III.B1''; VOSGES : Basses-Vosges gréseuses  : Région sous-vosgienne de Haute-Saône 
III.B2; VOSGES : Basses-Vosges gréseuses  : Zone montagnarde boisée 
IV; PLAINE D'ALSACE
IV.A; PLAINE D'ALSACE : Plaine alluviale 
IV.A1; PLAINE D'ALSACE : Plaine alluviale  : Sundgau 
IV.A2; PLAINE D'ALSACE : Plaine alluviale  : Plaine du Rhin 
IV.A2'; PLAINE D'ALSACE : Plaine alluviale  : Hardt 
IV.B; PLAINE D'ALSACE : Région sous-vosgienne 
IV.B1; PLAINE D'ALSACE : Région sous-vosgienne  : Région du vignoble 
V; MASSIF ARMORICAIN
V.A; MASSIF ARMORICAIN : Zones marécageuses 
V.A1; MASSIF ARMORICAIN : Zones marécageuses  : Marais vendéen 
V.A2; MASSIF ARMORICAIN : Zones marécageuses  : Marais breton 
V.A3; MASSIF ARMORICAIN : Zones marécageuses  : Lac de Grand Lieu 
V.A4; MASSIF ARMORICAIN : Zones marécageuses  : Grande Brière 
V.B; MASSIF ARMORICAIN : Basse-Loire 
V.B1; MASSIF ARMORICAIN : Basse-Loire  : Secteur littoral 
V.B2; MASSIF ARMORICAIN : Basse-Loire  : Secteur vendéen
V.B2a; MASSIF ARMORICAIN : Basse-Loire  : Zone atlantique 
V.B2b; MASSIF ARMORICAIN : Basse-Loire  : Zone intérieure 
V.B2b'; MASSIF ARMORICAIN : Basse-Loire  : Zone intérieure viticole 
V.B23; MASSIF ARMORICAIN : Basse-Loire  : Secteur Nord 
V.B3'; MASSIF ARMORICAIN : Basse-Loire  : Secteur Nord, zone à vigne 
V.C; MASSIF ARMORICAIN : Basse-Bretagne 
V.C1; MASSIF ARMORICAIN : Basse-Bretagne  : Secteur littoral
V.C1a; MASSIF ARMORICAIN : Basse-Bretagne  : littoral Sud 
V.C1b; MASSIF ARMORICAIN : Basse-Bretagne  : zone occidentale 
V.C1c; MASSIF ARMORICAIN : Basse-Bretagne  : landes du Menez-Hom 
V.C1d; MASSIF ARMORICAIN : Basse-Bretagne  : littoral Nord 
V.C2; MASSIF ARMORICAIN : Basse-Bretagne  : Secteur anglo-normand 
V.C3; MASSIF ARMORICAIN : Basse-Bretagne  : Basse-Bretagne intérieure
V.C3a; MASSIF ARMORICAIN : Basse-Bretagne  : Haute Cornouaille et bassin de Chateaulin 
V.C3b; MASSIF ARMORICAIN : Basse-Bretagne  : Montagne Noire 
V.C3c; MASSIF ARMORICAIN : Basse-Bretagne  : Monts d'Arrée 
V.C3d; MASSIF ARMORICAIN : Basse-Bretagne  : Zone septentrionale (Trégorrois) 
V.C3e; MASSIF ARMORICAIN : Basse-Bretagne  : Zone boisée orientale (Vannetais) 
V.D; MASSIF ARMORICAIN : Haute-Bretagne, Maine 
V.D1a; MASSIF ARMORICAIN : Haute-Bretagne, Maine  : Zone des reliefs occidentaux 
V.D1b; MASSIF ARMORICAIN : Haute-Bretagne, Maine  : Zone occidentale boisée 
V.D1c; MASSIF ARMORICAIN : Haute-Bretagne, Maine  : Zone orientale basse 
V.D2a; MASSIF ARMORICAIN : Haute-Bretagne, Maine  : Bassin de Rennes 
V.D2b; MASSIF ARMORICAIN : Haute-Bretagne, Maine  : Zone forestière 
V.D3; MASSIF ARMORICAIN : Haute-Bretagne, Maine  : Zone littorale Nord 
V.E; MASSIF ARMORICAIN : Basse-Normandie 
V.E1; MASSIF ARMORICAIN : Basse-Normandie  : Zone intérieure
V.E1a; MASSIF ARMORICAIN : Basse-Normandie  : basse 
V.E1b; MASSIF ARMORICAIN : Basse-Normandie  : Collines de Normandie 
V.E2; MASSIF ARMORICAIN : Basse-Normandie  : Zone littorale 
VI; JURA
VI.A; JURA : Vallées alluviales
VI.A1; JURA : Vallées alluviales : Vallée du R h ô n e 
VI.A2; JURA : Vallées alluviales : Combe d'Ain 
VI.B; JURA : Premier plateau
VI.B1; JURA : Premier plateau : Zone centrale et septentrionale 
VI.B2; JURA : Premier plateau : Petite Montagne 
VI.C; JURA : Deuxième Plateau
VI.C1; JURA : Deuxième Plateau : Zone centrale 
VI.C1a; JURA : Deuxième Plateau : Bugey 
VI.C1b; JURA : Deuxième Plateau : Plateau de Crémieu 
VI.D; JURA : Haut-Jura
VI.D1; JURA : Haut-Jura : Haute chaîne du Jura plissé 
VI.D1'; JURA : Haut-Jura : Jura méridional 
VII; BASSINS DU RHONE ET DE LA SAONE
VII.A; BASSINS DU RHONE ET DE LA SAONE : Vallées alluviales 
VII.A1; BASSINS DU RHONE ET DE LA SAONE : Vallées alluviales  : Vallée du Rhône 
VII.A1a; BASSINS DU RHONE ET DE LA SAONE : Vallées alluviales  : Secteur Lyon-St Vallier 
VII.A1b; BASSINS DU RHONE ET DE LA SAONE : Vallées alluviales  : Valentinois 
VII.A1c; BASSINS DU RHONE ET DE LA SAONE : Vallées alluviales  : Plaine de Montélimar 
VII.A2; BASSINS DU RHONE ET DE LA SAONE : Vallées alluviales  : Vallée inférieure de l'Isère 
VII.A3; BASSINS DU RHONE ET DE LA SAONE : Vallées alluviales  : Vallée de la Saône 
VII.A3a; BASSINS DU RHONE ET DE LA SAONE : Vallées alluviales  : vallée inférieure 
VII.A3b; BASSINS DU RHONE ET DE LA SAONE : Vallées alluviales  : val de Saône 
VII.A4; BASSINS DU RHONE ET DE LA SAONE : Vallées alluviales  : Vallée de la Vingeanne 
VII.A5; BASSINS DU RHONE ET DE LA SAONE : Vallées alluviales  : Vallée du Doubs e t Val d'Amour 
VII.A'; BASSINS DU RHONE ET DE LA SAONE : Vallées alluviales  : Vallées: alluvions anciennes
VII.A'6; BASSINS DU RHONE ET DE LA SAONE : Vallées alluviales  : Plaine dijonnaise 
VII.A'7; BASSINS DU RHONE ET DE LA SAONE : Vallées alluviales  : Plaine de la Haute Saône 
VII.A'7'; BASSINS DU RHONE ET DE LA SAONE : Vallées alluviales  : Plaine grayoise 
VII.A'7''; BASSINS DU RHONE ET DE LA SAONE : Vallées alluviales  : Forêt de Chaux 
VII.B; BASSINS DU RHONE ET DE LA SAONE : Piémont alpin
VII.B1; BASSINS DU RHONE ET DE LA SAONE : Piémont alpin : Valentlnois méridional 
VII.B2; BASSINS DU RHONE ET DE LA SAONE : Piémont alpin : Bas-Dauphiné molassique 
VII.B3a; BASSINS DU RHONE ET DE LA SAONE : Piémont alpin : Terres froides 
VII.B3b; BASSINS DU RHONE ET DE LA SAONE : Piémont alpin : Plaine de la Bièvre 
VII.B3c; BASSINS DU RHONE ET DE LA SAONE : Piémont alpin : Plateau de Chambaran 
VII.B4; BASSINS DU RHONE ET DE LA SAONE : Piémont alpin : Plaine de Bresse 
VII.B5; BASSINS DU RHONE ET DE LA SAONE : Piémont alpin : Dombes 
VII.B5'; BASSINS DU RHONE ET DE LA SAONE : Piémont alpin : Côtière des Dombes 
VII.C; BASSINS DU RHONE ET DE LA SAONE : Plateaux calcaires
VII.C1; BASSINS DU RHONE ET DE LA SAONE : Plateaux calcaires : Côte de Villefranche 
VII.C2; BASSINS DU RHONE ET DE LA SAONE : Plateaux calcaires : Côte maçonnaise 
VII.C3a; BASSINS DU RHONE ET DE LA SAONE : Plateaux calcaires : Côte chalonnaise 
VII.C3b; BASSINS DU RHONE ET DE LA SAONE : Plateaux calcaires : Arrière-côte 
VII.C3b'; BASSINS DU RHONE ET DE LA SAONE : Plateaux calcaires : Côte de Beaune 
VII.C3c;" BASSINS DU RHONE ET DE LA SAONE : Plateaux calcaires : ""Montagne"" (dijonnaise) "
VII.C3c'; BASSINS DU RHONE ET DE LA SAONE : Plateaux calcaires : Plateau de Langres 
VII.C4; BASSINS DU RHONE ET DE LA SAONE : Plateaux calcaires : Plateaux calcaires de Haute-Saône
VII.C4a; BASSINS DU RHONE ET DE LA SAONE : Plateaux calcaires : Occidentaux
VII.C4b; BASSINS DU RHONE ET DE LA SAONE : Plateaux calcaires : Orientaux
VII.C5; BASSINS DU RHONE ET DE LA SAONE : Plateaux calcaires : Collines et plateaux non calcaires 
VII.C5a; BASSINS DU RHONE ET DE LA SAONE : Plateaux calcaires : Collines liasiques de Haute-Saône 
VII.C5b; BASSINS DU RHONE ET DE LA SAONE : Plateaux calcaires : Collines sous-vosgiennes de Haute-Saône 
VII.C5c; BASSINS DU RHONE ET DE LA SAONE : Plateaux calcaires : Vallées de l a Lanterne et de l'Ognon 
VII.C6; BASSINS DU RHONE ET DE LA SAONE : Plateaux calcaires : Région préjurassienne
VII.C6a; BASSINS DU RHONE ET DE LA SAONE : Plateaux calcaires : Plaine et vallée du Doubs - Trouée de Belfort 
VII.C6a'; BASSINS DU RHONE ET DE LA SAONE : Plateaux calcaires : Massif de Serre 
VII.C6b; BASSINS DU RHONE ET DE LA SAONE : Plateaux calcaires : Revermont 
VII.C7; BASSINS DU RHONE ET DE LA SAONE : Plateaux calcaires : Collines en bordure de la plaine de Valence 
VII.D; BASSINS DU RHONE ET DE LA SAONE : Bordure alpine 
VII.D1; BASSINS DU RHONE ET DE LA SAONE : Bordure alpine  : Bas-Diois 
VII.D2; BASSINS DU RHONE ET DE LA SAONE : Bordure alpine  : Monts du Vaucluse 
VII.D3; BASSINS DU RHONE ET DE LA SAONE : Bordure alpine  : Chaîne du Lubéron 
VII.D4; BASSINS DU RHONE ET DE LA SAONE : Bordure alpine  : Baronnies occidentales (= Basses Baronnies )
VIII; ALPES
VIII.A; ALPES : Massifs préalpins 
VIII.A1; ALPES : Massifs préalpins  : Massif du Châblais 
VIII.A2; ALPES : Massifs préalpins  : Massif du Giffre 
VIII.A3; ALPES : Massifs préalpins  : Massif des Bornes 
VIII.A4; ALPES : Massifs préalpins  : Massif des Bouges 
VIII.A5; ALPES : Massifs préalpins  : Massif de la Chartreuse 
VIII.A6; ALPES : Massifs préalpins  : Monts du Matin 
VIII.A7; ALPES : Massifs préalpins  : Massif du Vercors 
VIII.A7a; ALPES : Massifs préalpins  : secteur Alpes du Nord 
VIII.A7b; ALPES : Massifs préalpins  : secteur Alpes du Sud 
VIII.A8; ALPES : Massifs préalpins  : Haut-Diois 
VIII.A9; ALPES : Massifs préalpins  : Dévoluy 
VIII.A9a; ALPES : Massifs préalpins  : secteur Alpes du Nord
VIII.A9b; ALPES : Massifs préalpins  : secteur Alpes du Sud
VIII.A10; ALPES : Massifs préalpins  : Bochaine 
VIII.A11; ALPES : Massifs préalpins  : Hautes Baronnies 
VIII.A12; ALPES : Massifs préalpins  : Chaîne Ventoux-Lure
VIII.A12a; ALPES : Massifs préalpins  : Mont Ventoux 
VIII.A12b; ALPES : Massifs préalpins  : Montagne de Lure 
VIII.A13; ALPES : Massifs préalpins  : Plateau de St-Christol 
VIII.A14; ALPES : Massifs préalpins  : Préalpes de Digne 
VIII.A15; ALPES : Massifs préalpins  : Plateau de Valensole 
VIII.A16; ALPES : Massifs préalpins  : Préalpes de Castellane 
VIII.A17; ALPES : Massifs préalpins  : Préalpes niçoises 
VIII.A18; ALPES : Massifs préalpins  : Plan de Canjuers 
VIII.B; ALPES : Dépression intra-alpine 
VIII.B1a; ALPES : Dépression intra-alpine  : Grésivaudan 
VIII.B1b; ALPES : Dépression intra-alpine  : Cluse de Chambéry 
VIII.B1c; ALPES : Dépression intra-alpine  : Combe de Savoie 
VIII.B1d; ALPES : Dépression intra-alpine  : Cluse du Fier 
VIII.B1e; ALPES : Dépression intra-alpine  : Cluse de l'Arve 
VIII.B1f; ALPES : Dépression intra-alpine  : Synclinal de Chamonix 
VIII.B2; ALPES : Dépression intra-alpine  : Gresse 
VIII.B3; ALPES : Dépression intra-alpine  : Matésine 
VIII.B4; ALPES : Dépression intra-alpine  : Trièves 
VIII.B5; ALPES : Dépression intra-alpine  : Beaumont 
VIII.B6; ALPES : Dépression intra-alpine  : Champsaur 
VIII.B7; ALPES : Dépression intra-alpine  : Gapençais 
VIII.C; ALPES : Massifs centraux alpins, secteur des Alpes du Nord
VIII.C1; ALPES : Massifs centraux alpins, secteur des Alpes du Nord : Haut bassin de l'Arve
VIII.C1a; ALPES : Massifs centraux alpins, secteur des Alpes du Nord : Massif des Aiguilles-Rouges 
VIII.C1b; ALPES : Massifs centraux alpins, secteur des Alpes du Nord : Massif du Mont-Blanc 
VIII.C2; ALPES : Massifs centraux alpins, secteur des Alpes du Nord : Haute-Vallée du Donon 
VIII.C2a; ALPES : Massifs centraux alpins, secteur des Alpes du Nord : secteur des Alpes externes 
VIII.C2b; ALPES : Massifs centraux alpins, secteur des Alpes du Nord : secteur des Alpes internes 
VIII.C3; ALPES : Massifs centraux alpins, secteur des Alpes du Nord : Haut-bassin de l'Isère 
VIII.C3a; ALPES : Massifs centraux alpins, secteur des Alpes du Nord : secteur Alpes externes 
VIII.C3b; ALPES : Massifs centraux alpins, secteur des Alpes du Nord : secteur Alpes internes 
VIII.C4; ALPES : Massifs centraux alpins, secteur des Alpes du Nord : Haut bassin de l'Arc 
VIII.C4a; ALPES : Massifs centraux alpins, secteur des Alpes du Nord : secteur Alpes externes 
VIII.C4b; ALPES : Massifs centraux alpins, secteur des Alpes du Nord : secteur Alpes internes 
VIII.C5; ALPES : Massifs centraux alpins, secteur des Alpes du Nord : Versant oriental de la Chaîne de Belledonne 
VIII.C6; ALPES : Massifs centraux alpins, secteur des Alpes du Nord : Haut bassin de la Romanche (Oisans) 
VIII.C7; ALPES : Massifs centraux alpins, secteur des Alpes du Nord : Haut bassin du Vénéon 
VIII.C8; ALPES : Massifs centraux alpins, secteur des Alpes du Nord : Haut bassin du Valbonnais 
VIII.C9; ALPES : Massifs centraux alpins, secteur des Alpes du Nord : Valgaudemar 
VIII.C10; ALPES : Massifs centraux alpins, secteur des Alpes du Nord : Haut bassin du Drac 
VIII.C';" ALPES : Massifs centraux alpins, secteur des Alpes du Nord : Massifs centraux alpins; secteur des Alpes du Sud"
VIII.C'11; ALPES : Massifs centraux alpins, secteur des Alpes du Nord : Haut bassin de la Durance 
VIII.C'12; ALPES : Massifs centraux alpins, secteur des Alpes du Nord : Embrunais 
VIII.C'13; ALPES : Massifs centraux alpins, secteur des Alpes du Nord : Queyras 
VIII.C'14; ALPES : Massifs centraux alpins, secteur des Alpes du Nord : Ubaye 
VIII.C'15; ALPES : Massifs centraux alpins, secteur des Alpes du Nord : Haut bassin de la Bléone 
VIII.C'16; ALPES : Massifs centraux alpins, secteur des Alpes du Nord : Haut bassin du Verdon 
VIII.C'17; ALPES : Massifs centraux alpins, secteur des Alpes du Nord : Haut bassin du Var 
VIII.C'18; ALPES : Massifs centraux alpins, secteur des Alpes du Nord : Haut bassin de la Tinée 
VIII.C'19; ALPES : Massifs centraux alpins, secteur des Alpes du Nord : Haut bassin de la Vésubie 
VIII.C'20; ALPES : Massifs centraux alpins, secteur des Alpes du Nord : Haut bassin de la Roya 
VIII.D; ALPES : Plaine molassique péri-alpine
VIII.D1; ALPES : Plaine molassique péri-alpine : Dépression de l'avant-pays savoyard 
IX; REGION MEDITERRANEENNE
IX.A; REGION MEDITERRANEENNE : Plaines 
IX.A1; REGION MEDITERRANEENNE : Plaines  : Basse vallée du Rhône 
IX.A1'; REGION MEDITERRANEENNE : Plaines  : secteur méridional (à l'W et au S des Alpilles) 
IX.A2a; REGION MEDITERRANEENNE : Plaines  : Plaine du Comtat 
IX.A2b; REGION MEDITERRANEENNE : Plaines  : Petite Crau 
IX.A3a; REGION MEDITERRANEENNE : Plaines  : Plaine littorale du Bas-Languedoc et dépression Vistrenque Roquemaure 
IX.A3b; REGION MEDITERRANEENNE : Plaines  : Basse plaine de l'Hérault 
IX.A3c; REGION MEDITERRANEENNE : Plaines  : Plaine du Narbonnais et Biterrois 
IX.A4; REGION MEDITERRANEENNE : Plaines  : Zone des étangs salés de l'Aude (Sigean-Leucate) 
IX.A5; REGION MEDITERRANEENNE : Plaines  : Plaine du Roussillon 
IX.A6; REGION MEDITERRANEENNE : Plaines  : Costières 
IX.A7; REGION MEDITERRANEENNE : Plaines  : Crau 
IX.A7'; REGION MEDITERRANEENNE : Plaines  : Coustière de Crau 
IX.A8; REGION MEDITERRANEENNE : Plaines  : Camargue 
IX.A8a; REGION MEDITERRANEENNE : Plaines  : Petite Camargue 
IX.A8b; REGION MEDITERRANEENNE : Plaines  : Grande Camargue 
IX.B; REGION MEDITERRANEENNE : Zone des garrigues 
IX.B1; REGION MEDITERRANEENNE : Zone des garrigues  : Plateau des Gras 
IX.B2; REGION MEDITERRANEENNE : Zone des garrigues  : Garrigues nord-Gardoises (Uzégois-Bagnolais) 
IX.B2a; REGION MEDITERRANEENNE : Zone des garrigues  : sur calcaires compacts 
IX.B2a'; REGION MEDITERRANEENNE : Zone des garrigues  : sur sols plus meubles et frais 
IX.B2b; REGION MEDITERRANEENNE : Zone des garrigues  : zone tertiaire 
IX.B3; REGION MEDITERRANEENNE : Zone des garrigues  : Garrigues nimoises
IX.B3a; REGION MEDITERRANEENNE : Zone des garrigues  : sur calcaires compacts 
IX.B3b; REGION MEDITERRANEENNE : Zone des garrigues  : zone tertiaire 
IX.B4; REGION MEDITERRANEENNE : Zone des garrigues  : Garrigues montpelliéraines
IX.B4a; REGION MEDITERRANEENNE : Zone des garrigues  : zone Nord-montpelliéraine 
IX.B4a'; REGION MEDITERRANEENNE : Zone des garrigues  : zone à Chênaie mixte 
IX.B4b; REGION MEDITERRANEENNE : Zone des garrigues  : La Gardiole 
IX.B5; REGION MEDITERRANEENNE : Zone des garrigues  : Basses Cévennes calcaires 
IX.B6; REGION MEDITERRANEENNE : Zone des garrigues  : Dépressions tertiaires internes 
IX.B6a; REGION MEDITERRANEENNE : Zone des garrigues  : Bassin d'Alès-Lédignan 
IX.B6b; REGION MEDITERRANEENNE : Zone des garrigues  : Dépression Uzès-St.Chaptes
IX.B7; REGION MEDITERRANEENNE : Zone des garrigues  : Haut-Biterrois 
IX.B8; REGION MEDITERRANEENNE : Zone des garrigues  : Minervois 
IX.B8a; REGION MEDITERRANEENNE : Zone des garrigues  : Haut-Minervois 
IX.B8b; REGION MEDITERRANEENNE : Zone des garrigues  : Bas-Minervois 
IX.B9; REGION MEDITERRANEENNE : Zone des garrigues  : Cabardès (zone des garrigues ) 
IX.B10; REGION MEDITERRANEENNE : Zone des garrigues  : Basses-Corbières 
IX.B10a; REGION MEDITERRANEENNE : Zone des garrigues  : orientales calcaires 
IX.B10a'; REGION MEDITERRANEENNE : Zone des garrigues  : orientales, zone siliceuse 
IX.B10b; REGION MEDITERRANEENNE : Zone des garrigues  : La Clape 
IX.B10c; REGION MEDITERRANEENNE : Zone des garrigues  : Moyenne vallée de l'Aude (Limouxin) 
IX.B11; REGION MEDITERRANEENNE : Zone des garrigues  : Basses Fenouillèdes et vallée de l'Agly 
IX.B12a; REGION MEDITERRANEENNE : Zone des garrigues  : Tricastin 
IX.B12b; REGION MEDITERRANEENNE : Zone des garrigues  : Massif d'Uchaux 
IX.B13; REGION MEDITERRANEENNE : Zone des garrigues  : Dentelles de Montmirail 
IX.B14; REGION MEDITERRANEENNE : Zone des garrigues  : Bassin de Mormoiron 
IX.B15; REGION MEDITERRANEENNE : Zone des garrigues  : Monts du Vaucluse occidentaux 
IX.B16; REGION MEDITERRANEENNE : Zone des garrigues  : Bassin d'Apt 
IX.B17a; REGION MEDITERRANEENNE : Zone des garrigues  : Région de Pertuis 
IX.B17b; REGION MEDITERRANEENNE : Zone des garrigues  : Bassin de Forcalquier 
IX.B17c; REGION MEDITERRANEENNE : Zone des garrigues  : Base du plateau de Valensole 
IX.B17d; REGION MEDITERRANEENNE : Zone des garrigues  : Plaine de l a Durance 
IX.B18; REGION MEDITERRANEENNE : Zone des garrigues  : Collines de Basse Provence 
IX.B19; REGION MEDITERRANEENNE : Zone des garrigues  : Reliefs aixois (Mt Aurélien, Ste Victoire) 
IX.B20; REGION MEDITERRANEENNE : Zone des garrigues  : Reliefs Nord-marseillais (St Quinin, La Loube, Ste Baume, Allauch) 
IX.B21a; REGION MEDITERRANEENNE : Zone des garrigues  : Reliefs toulonnais 
IX.B21b; REGION MEDITERRANEENNE : Zone des garrigues  : Reliefs Sud-marseillais (Marseilleveyre, Calanques) 
IX.B22; REGION MEDITERRANEENNE : Zone des garrigues  : Collines c a l c a i r e s de l'étang de Berre 
IX.B23; REGION MEDITERRANEENNE : Zone des garrigues  : Alpilles 
IX.B24; REGION MEDITERRANEENNE : Zone des garrigues  : Bassin d'Aix 
IX.B24'; REGION MEDITERRANEENNE : Zone des garrigues  : Massifs tertiaires de Rognac et Vitrolles 
IX.B25; REGION MEDITERRANEENNE : Zone des garrigues  : Bassin de Marseille-Aubagne 
IX.B26; REGION MEDITERRANEENNE : Zone des garrigues  : Bassin du Beausset 
IX.B27a; REGION MEDITERRANEENNE : Zone des garrigues  : Bassin de l'Argens 
IX.B27b; REGION MEDITERRANEENNE : Zone des garrigues  : Bordure méridionale du Bassin de l'Argens 
IX.B28; REGION MEDITERRANEENNE : Zone des garrigues  : Basses vallées des Alpes maritimes 
IX.B29; REGION MEDITERRANEENNE : Zone des garrigues  : Littoral des Alpes maritimes 
IX.B29'; REGION MEDITERRANEENNE : Zone des garrigues  : Riviéra 
IX.C; REGION MEDITERRANEENNE : Zone triasique provençale 
IX.C1; REGION MEDITERRANEENNE : Zone triasique provençale  : Bordure septentrionale de l'Estérel 
IX.D; REGION MEDITERRANEENNE : Zone cristalline orientale 
IX.D1; REGION MEDITERRANEENNE : Zone cristalline orientale  : Massif des Maures 
IX.D1'; REGION MEDITERRANEENNE : Zone cristalline orientale  : Ubacs élevés 
IX.D1''; REGION MEDITERRANEENNE : Zone cristalline orientale  : Iles 
IX.D2; REGION MEDITERRANEENNE : Zone cristalline orientale  : Massif de l'Estérel 
IX.D2'; REGION MEDITERRANEENNE : Zone cristalline orientale  : Tanneron 
IX.D3; REGION MEDITERRANEENNE : Zone cristalline orientale  : Plaine de l'Argens et dépression périphérique 
IX.D3'; REGION MEDITERRANEENNE : Zone cristalline orientale  : Plaine de Coqolin-St.Tropez
IX.D3''; REGION MEDITERRANEENNE : Zone cristalline orientale  : Plaine de Mandelieu (ou de Siagne) 
IX.E; REGION MEDITERRANEENNE : Zone cristalline occidentale 
IX.E1;" REGION MEDITERRANEENNE : Zone cristalline occidentale  : Vallées cévenoles ""chaudes"" "
IX.E2; REGION MEDITERRANEENNE : Zone cristalline occidentale  : Bas-Conflent 
IX.E3a; REGION MEDITERRANEENNE : Zone cristalline occidentale  : Aspres 
IX.E3b; REGION MEDITERRANEENNE : Zone cristalline occidentale  : Basses-Albères 
IX.E3c; REGION MEDITERRANEENNE : Zone cristalline occidentale  : Côte rocheuse du Sud-Roussillon 
X; MASSIF CENTRAL
X.A; MASSIF CENTRAL : Plaines internes-Bassins d'effondrement à l'intérieur du socle cristallin, comblés de sédiments tertiaires (souvent calcaires) et d'alluvions
X.A1; MASSIF CENTRAL : Plaines internes-Bassins d'effondrement à l'intérieur du socle cristallin, comblés de sédiments tertiaires (souvent calcaires) et d'alluvions : Limagne bourbonnaise
X.A2;" MASSIF CENTRAL : Plaines internes-Bassins d'effondrement à l'intérieur du socle cristallin, comblés de sédiments tertiaires (souvent calcaires) et d'alluvions : Limagne des ""varennes"""
X.A2';" MASSIF CENTRAL : Plaines internes-Bassins d'effondrement à l'intérieur du socle cristallin, comblés de sédiments tertiaires (souvent calcaires) et d'alluvions : Limagne orientale de type ""varenne"""
X.A3; MASSIF CENTRAL : Plaines internes-Bassins d'effondrement à l'intérieur du socle cristallin, comblés de sédiments tertiaires (souvent calcaires) et d'alluvions : Limagne des terres noires
X.A4; MASSIF CENTRAL : Plaines internes-Bassins d'effondrement à l'intérieur du socle cristallin, comblés de sédiments tertiaires (souvent calcaires) et d'alluvions : Limagne calcaire orientale
X.A5;" MASSIF CENTRAL : Plaines internes-Bassins d'effondrement à l'intérieur du socle cristallin, comblés de sédiments tertiaires (souvent calcaires) et d'alluvions : Bordure occidentale ""chaude"" de la Limagne"
X.A6; MASSIF CENTRAL : Plaines internes-Bassins d'effondrement à l'intérieur du socle cristallin, comblés de sédiments tertiaires (souvent calcaires) et d'alluvions : Brivadois
X.A7; MASSIF CENTRAL : Plaines internes-Bassins d'effondrement à l'intérieur du socle cristallin, comblés de sédiments tertiaires (souvent calcaires) et d'alluvions : Haute vallée de l'Ailler
X.A8; MASSIF CENTRAL : Plaines internes-Bassins d'effondrement à l'intérieur du socle cristallin, comblés de sédiments tertiaires (souvent calcaires) et d'alluvions : Sologne bourbonnaise
X.A8'; MASSIF CENTRAL : Plaines internes-Bassins d'effondrement à l'intérieur du socle cristallin, comblés de sédiments tertiaires (souvent calcaires) et d'alluvions : Pays de Fours
X.A9; MASSIF CENTRAL : Plaines internes-Bassins d'effondrement à l'intérieur du socle cristallin, comblés de sédiments tertiaires (souvent calcaires) et d'alluvions : Plaine roannaise
X.A9'; MASSIF CENTRAL : Plaines internes-Bassins d'effondrement à l'intérieur du socle cristallin, comblés de sédiments tertiaires (souvent calcaires) et d'alluvions : Côte roannaise 
X.A10; MASSIF CENTRAL : Plaines internes-Bassins d'effondrement à l'intérieur du socle cristallin, comblés de sédiments tertiaires (souvent calcaires) et d'alluvions : Plaine du Forez 
X.A11; MASSIF CENTRAL : Plaines internes-Bassins d'effondrement à l'intérieur du socle cristallin, comblés de sédiments tertiaires (souvent calcaires) et d'alluvions : Fosse d'Ambert 
X.A12; MASSIF CENTRAL : Plaines internes-Bassins d'effondrement à l'intérieur du socle cristallin, comblés de sédiments tertiaires (souvent calcaires) et d'alluvions : Basse vallée de l'Allier 
X.B; MASSIF CENTRAL : Zones calcaires
X.B1; MASSIF CENTRAL : Zones calcaires : Charollais 
X.B2; MASSIF CENTRAL : Zones calcaires : Brionnais 
X.B3; MASSIF CENTRAL : Zones calcaires : Grands Causses méridionaux
X.B3a; MASSIF CENTRAL : Zones calcaires : à tendance montagnarde 
X.B'3b; MASSIF CENTRAL : Zones calcaires : à tendance méditerranéenne (B' = Grands Causses)
X.B4; MASSIF CENTRAL : Zones calcaires : Causses de l'Hérault 
X.B4'; MASSIF CENTRAL : Zones calcaires : secteur de la vallée de l'Orb (B' = Grands Causses)
X.B5; MASSIF CENTRAL : Zones calcaires : Avant Causses et Gorges du Tarn 
X.B6; MASSIF CENTRAL : Zones calcaires : Causses occidentaux 
X.B7; MASSIF CENTRAL : Zones calcaires : Causse de Mende 
X.B8; MASSIF CENTRAL : Zones calcaires : Causses élevés 
X.B9; MASSIF CENTRAL : Zones calcaires : Garrigues de l'Ardèche (Haut plateau des Gras) 
X.B10; MASSIF CENTRAL : Zones calcaires : Cévennes calcaires 
X.C; MASSIF CENTRAL : Bassins permiens 
X.C1; MASSIF CENTRAL : Bassins permiens  : Bassin de Brive 
X.C2; MASSIF CENTRAL : Bassins permiens  : Rougier de Marcillac et dépression de Decazeville
X.C3; MASSIF CENTRAL : Bassins permiens  : Rougier de Camarès
X.C3'; MASSIF CENTRAL : Bassins permiens  : secteur chaud à Chêne vert
X.C4; MASSIF CENTRAL : Bassins permiens  : Lodévois
X.D; MASSIF CENTRAL : Socle cristallin et zones volcaniques
X.D1; MASSIF CENTRAL : Socle cristallin et zones volcaniques : Haut-Morvan
X.D2; MASSIF CENTRAL : Socle cristallin et zones volcaniques : Morvan méridional
X.D2a; MASSIF CENTRAL : Socle cristallin et zones volcaniques : zone cristalline
X.D2b; MASSIF CENTRAL : Socle cristallin et zones volcaniques : bassin d'Autun
X.D2c; MASSIF CENTRAL : Socle cristallin et zones volcaniques : Morvan autunois
X.D2d; MASSIF CENTRAL : Socle cristallin et zones volcaniques : fossé Blanzy-le Creusot
X.D2e; MASSIF CENTRAL : Socle cristallin et zones volcaniques : horst du Mt St.Vincent
X.D3f; MASSIF CENTRAL : Socle cristallin et zones volcaniques : Monts du Charollais
X.D3b; MASSIF CENTRAL : Socle cristallin et zones volcaniques : Monts du Beaujolais
X.D4; MASSIF CENTRAL : Socle cristallin et zones volcaniques : Monts du Lyonnais 
X.D5a; MASSIF CENTRAL : Socle cristallin et zones volcaniques : Monts de la Madeleine et montagne bourbonnaise 
X.D5b; MASSIF CENTRAL : Socle cristallin et zones volcaniques : Monts du Forez 
X.D5c; MASSIF CENTRAL : Socle cristallin et zones volcaniques : Livradois septentrional 
X.D5d; MASSIF CENTRAL : Socle cristallin et zones volcaniques : Livradois occidental et Comté 
X.D5e; MASSIF CENTRAL : Socle cristallin et zones volcaniques : Haut-Livradois 
X.D6a; MASSIF CENTRAL : Socle cristallin et zones volcaniques : Velay granitique 
X.D6b; MASSIF CENTRAL : Socle cristallin et zones volcaniques : Velay basaltique 
X.D6c; MASSIF CENTRAL : Socle cristallin et zones volcaniques : Haut-Velay 
X.D7; MASSIF CENTRAL : Socle cristallin et zones volcaniques : Boutières et Mont Pilat 
X.D7a; MASSIF CENTRAL : Socle cristallin et zones volcaniques : zone sèche 
X.D7b; MASSIF CENTRAL : Socle cristallin et zones volcaniques : zone supérieure 
X.D8; MASSIF CENTRAL : Socle cristallin et zones volcaniques : Monts du Vivarais 
X.D9; MASSIF CENTRAL : Socle cristallin et zones volcaniques : Tanargue 
X.D10; MASSIF CENTRAL : Socle cristallin et zones volcaniques : Mont Lozère 
X.D11; MASSIF CENTRAL : Socle cristallin et zones volcaniques : Massif de Bougés 
X.D12; MASSIF CENTRAL : Socle cristallin et zones volcaniques : Massif de l'Aigoual 
X.D13; MASSIF CENTRAL : Socle cristallin et zones volcaniques : Clunysois 
X.D14; MASSIF CENTRAL : Socle cristallin et zones volcaniques : Beaujolais et Lyonnais viticoles 
X.D15; MASSIF CENTRAL : Socle cristallin et zones volcaniques : Plateaux du Lyonnais 
X.D15'; MASSIF CENTRAL : Socle cristallin et zones volcaniques : zone fruitière 
X.D16; MASSIF CENTRAL : Socle cristallin et zones volcaniques : Cévennes siliceuses du Vivarais 
X.D16'; MASSIF CENTRAL : Socle cristallin et zones volcaniques : rebord chaud 
X.D17; MASSIF CENTRAL : Socle cristallin et zones volcaniques : Basses Cévennes 
X.D18; MASSIF CENTRAL : Socle cristallin et zones volcaniques : Versants occidental et méridional de l'Aigoual 
X.D19; MASSIF CENTRAL : Socle cristallin et zones volcaniques : Dépression de Florac (Haute vallée du Tarn et Tarnon)
X.D20; MASSIF CENTRAL : Socle cristallin et zones volcaniques : Margeride 
X.D20a; MASSIF CENTRAL : Socle cristallin et zones volcaniques : Haute Margeride 
X.D20b; MASSIF CENTRAL : Socle cristallin et zones volcaniques : Basse Margeride et Gévaudan 
X.D20c; MASSIF CENTRAL : Socle cristallin et zones volcaniques : Versant occidental 
X.D20d; MASSIF CENTRAL : Socle cristallin et zones volcaniques : Glacis Nord-Ouest 
X.D21; MASSIF CENTRAL : Socle cristallin et zones volcaniques : Aubrac 
X.D21'; MASSIF CENTRAL : Socle cristallin et zones volcaniques : pentes boisées avec Hêtraies
X.D22; MASSIF CENTRAL : Socle cristallin et zones volcaniques : Vallée et versants du Cher 
X.D23; MASSIF CENTRAL : Socle cristallin et zones volcaniques : Viadène (glacis occidental de l'Aubrac) 
X.D24a; MASSIF CENTRAL : Socle cristallin et zones volcaniques : Glacis méridional du Cantal (pentes de la Truyère, Carladès ) 
X.D24b; MASSIF CENTRAL : Socle cristallin et zones volcaniques : Haute vallée de la Truyère 
X.D24c; MASSIF CENTRAL : Socle cristallin et zones volcaniques : Glacis méridional de l'Aubrac 
X.D25a; MASSIF CENTRAL : Socle cristallin et zones volcaniques : Haut-Ségala 
X.D25b; MASSIF CENTRAL : Socle cristallin et zones volcaniques : Châtaigneraie cantalienne 
X.D25c; MASSIF CENTRAL : Socle cristallin et zones volcaniques : Xaintrie 
X.D26; MASSIF CENTRAL : Socle cristallin et zones volcaniques : Versants de la Dordogne 
X.D27; MASSIF CENTRAL : Socle cristallin et zones volcaniques : Haute-Artense 
X.D28; MASSIF CENTRAL : Socle cristallin et zones volcaniques : Haute-Combraille
X.D28a; MASSIF CENTRAL : Socle cristallin et zones volcaniques : zone cristalline 
X.D28b; MASSIF CENTRAL : Socle cristallin et zones volcaniques : zone volcanique 
X.D29; MASSIF CENTRAL : Socle cristallin et zones volcaniques : Rebord occidental des Limagnes 
X.D29a; MASSIF CENTRAL : Socle cristallin et zones volcaniques : zone à tendance continentale 
X.D29b; MASSIF CENTRAL : Socle cristallin et zones volcaniques : zone à tendance subatlantique 
X.D29c; MASSIF CENTRAL : Socle cristallin et zones volcaniques : zone à tendance montagnarde 
X.D29d; MASSIF CENTRAL : Socle cristallin et zones volcaniques : Haut Brivadois 
X.D29e; MASSIF CENTRAL : Socle cristallin et zones volcaniques : rebordde la haute vallée de l'Allier 
X.D30; MASSIF CENTRAL : Socle cristallin et zones volcaniques : Planèze de St Flour 
X.D31; MASSIF CENTRAL : Socle cristallin et zones volcaniques : Massif du Cantal 
X.D31'; MASSIF CENTRAL : Socle cristallin et zones volcaniques : zone supraforestière 
X.D32; MASSIF CENTRAL : Socle cristallin et zones volcaniques : Cézallier 
X.D33; MASSIF CENTRAL : Socle cristallin et zones volcaniques : Massif des Monts Dore 
X.D33'; MASSIF CENTRAL : Socle cristallin et zones volcaniques : zone supraforestière 
X.D34; MASSIF CENTRAL : Socle cristallin et zones volcaniques : Chaîne des Puys 
X.D35a; MASSIF CENTRAL : Socle cristallin et zones volcaniques : Combrailles 
X.D35a'; MASSIF CENTRAL : Socle cristallin et zones volcaniques : basse vallée de la Sioule 
X.D35b; MASSIF CENTRAL : Socle cristallin et zones volcaniques : Combraille bourbonnaise (Haut-Bourbonnais) 
X.D35c; MASSIF CENTRAL : Socle cristallin et zones volcaniques : Combraille occidentale (Haute-Creuse) 
X.D36; MASSIF CENTRAL : Socle cristallin et zones volcaniques : Plateau de Neulise 
X.D37; MASSIF CENTRAL : Socle cristallin et zones volcaniques : Bocage bourbonnais 
X.D37'; MASSIF CENTRAL : Socle cristallin et zones volcaniques : secteur permo-triasique 
X.D38; MASSIF CENTRAL : Socle cristallin et zones volcaniques : Bas-Berry cristallin 
X.D39; MASSIF CENTRAL : Socle cristallin et zones volcaniques : Basse-Marche bocagère 
X.D39a; MASSIF CENTRAL : Socle cristallin et zones volcaniques : secteur occidental 
X.D39b; MASSIF CENTRAL : Socle cristallin et zones volcaniques : secteur oriental 
X.D39b'; MASSIF CENTRAL : Socle cristallin et zones volcaniques : zone Chatelux-Boussac 
X.D39c; MASSIF CENTRAL : Socle cristallin et zones volcaniques : vallée de la Creuse 
X.D40; MASSIF CENTRAL : Socle cristallin et zones volcaniques : Plateau de la Basse Marche 
X.D41; MASSIF CENTRAL : Socle cristallin et zones volcaniques : Châtaigneraie 
X.D41a; MASSIF CENTRAL : Socle cristallin et zones volcaniques : limousine 
X.D41b; MASSIF CENTRAL : Socle cristallin et zones volcaniques : corrézienne 
X.D42; MASSIF CENTRAL : Socle cristallin et zones volcaniques : Bocage limousin 
X.D43;" MASSIF CENTRAL : Socle cristallin et zones volcaniques : ""Montagne"" "
X.D43a; MASSIF CENTRAL : Socle cristallin et zones volcaniques : Montagne limousine et de Haute-Marche 
X.D43b; MASSIF CENTRAL : Socle cristallin et zones volcaniques : Montagne corrézienne 
X.D44; MASSIF CENTRAL : Socle cristallin et zones volcaniques : Haut plateau de Millevaches 
X.D45; MASSIF CENTRAL : Socle cristallin et zones volcaniques : Ségalas 
X.D45a; MASSIF CENTRAL : Socle cristallin et zones volcaniques : Ségala Nord-occidental 
X.D45b; MASSIF CENTRAL : Socle cristallin et zones volcaniques : Ségala Sud - occidental (Ségala tarnais) 
X.D45c; MASSIF CENTRAL : Socle cristallin et zones volcaniques : Ségala moyen du Rouergue 
X.D45d; MASSIF CENTRAL : Socle cristallin et zones volcaniques : Haut Ségala du Rouergue 
X.D45e; MASSIF CENTRAL : Socle cristallin et zones volcaniques : Dôme de la Grésigne 
X.D46a; MASSIF CENTRAL : Socle cristallin et zones volcaniques : Lévezou 
X.D46b; MASSIF CENTRAL : Socle cristallin et zones volcaniques : Palanges et rebord septentrional du Lévezou 
X.D47; MASSIF CENTRAL : Socle cristallin et zones volcaniques : Glacis Nord des Monts de Lacaune et Albigeois cristallin 
X.D47'; MASSIF CENTRAL : Socle cristallin et zones volcaniques : Sidobre 
X.D48; MASSIF CENTRAL : Socle cristallin et zones volcaniques : Monts de Lacaune 
X.D49; MASSIF CENTRAL : Socle cristallin et zones volcaniques : Montagne Noire 
X.D50a; MASSIF CENTRAL : Socle cristallin et zones volcaniques : Versants NW e t SW de la Montagne Noire 
X.D50b; MASSIF CENTRAL : Socle cristallin et zones volcaniques : Bassin du Thoré 
X.D51; MASSIF CENTRAL : Socle cristallin et zones volcaniques : Bordures méridionales de la Montagne Noire et des Monts de Lespinouze 
X.D51a; MASSIF CENTRAL : Socle cristallin et zones volcaniques : zone à Châtaignier 
X.D51b; MASSIF CENTRAL : Socle cristallin et zones volcaniques : zone subméditerranéenne 
X.D51c; MASSIF CENTRAL : Socle cristallin et zones volcaniques : zone méridionale chaude 
X.D52; MASSIF CENTRAL : Socle cristallin et zones volcaniques : Escandorgue 
X.D53; MASSIF CENTRAL : Socle cristallin et zones volcaniques : Coirons 
X.D54; MASSIF CENTRAL : Socle cristallin et zones volcaniques : Bassin du Puy 
X.D55; MASSIF CENTRAL : Socle cristallin et zones volcaniques : Bassin houiller St-Etienne-Givors 
X.D56; MASSIF CENTRAL : Socle cristallin et zones volcaniques : Bassin d'Aurillac 
X.D57; MASSIF CENTRAL : Socle cristallin et zones volcaniques : Bassin de Maurs 
XI; BASSIN AQUITAIN
XI.A; BASSIN AQUITAIN : Vallées alluviales
XI.A1; BASSIN AQUITAIN : Vallées alluviales : Vallée de la Garonne 
XI.A1a; BASSIN AQUITAIN : Vallées alluviales : basse vallée 
XI.A1b; BASSIN AQUITAIN : Vallées alluviales : plaine lot-et-garonnaise 
XI.A1c; BASSIN AQUITAIN : Vallées alluviales : plaine montalbanilse 
XI.A1d; BASSIN AQUITAIN : Vallées alluviales : plaine haut-garonnaise 
XI.A1d'; BASSIN AQUITAIN : Vallées alluviales : basse et moyenne terrasse
XI.A1d''; BASSIN AQUITAIN : Vallées alluviales : haute terrasse 
XI.A2; BASSIN AQUITAIN : Vallées alluviales : Vallée de la Dordogne 
XI.A3; BASSIN AQUITAIN : Vallées alluviales : Vallée de l'Isle 
XI.A4; BASSIN AQUITAIN : Vallées alluviales : Vallée du Lot 
XI.A5; BASSIN AQUITAIN : Vallées alluviales : Vallée du Tarn 
XI.A5a; BASSIN AQUITAIN : Vallées alluviales : basse vallée 
XI.A5b; BASSIN AQUITAIN : Vallées alluviales : Gaillacois 
XI.A6; BASSIN AQUITAIN : Vallées alluviales : Vallée de l'Arièqe 
XI.A6'; BASSIN AQUITAIN : Vallées alluviales : terrasses
XI.A7; BASSIN AQUITAIN : Vallées alluviales : Vallée de l'Adour 
XI.A7a; BASSIN AQUITAIN : Vallées alluviales : haute vallée 
XI.A7b; BASSIN AQUITAIN : Vallées alluviales : basse vallée 
XI.A8; BASSIN AQUITAIN : Vallées alluviales : Vallée du Gave de Pau 
XI.A9; BASSIN AQUITAIN : Vallées alluviales : Vallée du Gave d'Oloron 
XI.A10; BASSIN AQUITAIN : Vallées alluviales : Vallée de l'Agout 
XI.A11; BASSIN AQUITAIN : Vallées alluviales : Plaine de Revel 
XI.A'; BASSIN AQUITAIN : Vallées alluviales : Zones alluviales marécageuses
XI.A'12; BASSIN AQUITAIN : Vallées alluviales : Marais poitevin 
XI.A'13; BASSIN AQUITAIN : Vallées alluviales : Marais d'Aunis 
XI.A'14; BASSIN AQUITAIN : Vallées alluviales : Marais de Brouage 
XI.A'15; BASSIN AQUITAIN : Vallées alluviales : Marais girondins (Palus et marais de St Ciers ) 
XI.B; BASSIN AQUITAIN : Zone méridionale de coteaux et plateaux 
XI.B1; BASSIN AQUITAIN : Zone méridionale de coteaux et plateaux  : Coteaux molassiques de Gascogne 
XI.B1a; BASSIN AQUITAIN : Zone méridionale de coteaux et plateaux  : Gascogne centrale 
XI.B1b; BASSIN AQUITAIN : Zone méridionale de coteaux et plateaux  : Brullois 
XI.B1c; BASSIN AQUITAIN : Zone méridionale de coteaux et plateaux  : Lomaqne 
XI.B1d; BASSIN AQUITAIN : Zone méridionale de coteaux et plateaux  : Savès 
XI.B1e; BASSIN AQUITAIN : Zone méridionale de coteaux et plateaux  : Astarac oriental 
XI.B1f; BASSIN AQUITAIN : Zone méridionale de coteaux et plateaux  : Astarac occidental 
XI.B2; BASSIN AQUITAIN : Zone méridionale de coteaux et plateaux  : Collines du Vic-Bilh 
XI.B3; BASSIN AQUITAIN : Zone méridionale de coteaux et plateaux  : Coteaux molassiques du Lauragais 
XI.B3'; BASSIN AQUITAIN : Zone méridionale de coteaux et plateaux  : Coteaux du Frontonnais 
XI.B4; BASSIN AQUITAIN : Zone méridionale de coteaux et plateaux  : Coteaux molassiques du Pédaguès et du Volvestre 
XI.B5; BASSIN AQUITAIN : Zone méridionale de coteaux et plateaux  : Coteaux du Sud Gaillacois 
XI.B6; BASSIN AQUITAIN : Zone méridionale de coteaux et plateaux  : Lauragais audois 
XI.B6'; BASSIN AQUITAIN : Zone méridionale de coteaux et plateaux  : zone viticole (Carcasses) 
XI.B6''; BASSIN AQUITAIN : Zone méridionale de coteaux et plateaux  : Piège 
XI.B7; BASSIN AQUITAIN : Zone méridionale de coteaux et plateaux  : Collines du Limouxin et Mirepoix 
XI.B7'; BASSIN AQUITAIN : Zone méridionale de coteaux et plateaux  : Malepère 
XI.B7''; BASSIN AQUITAIN : Zone méridionale de coteaux et plateaux  : Mirepoix occidental (Bélène) 
XI.B8; BASSIN AQUITAIN : Zone méridionale de coteaux et plateaux  : Coteaux du Douctouyre, d'Olmes et de Chalabre 
XI.B'; BASSIN AQUITAIN : Zone méridionale de coteaux et plateaux  : Zone méridionale de coteaux et plateaux non molassiques
XI.B'9a; BASSIN AQUITAIN : Zone méridionale de coteaux et plateaux  : Plateau de Lannemezan 
XI.B'9b; BASSIN AQUITAIN : Zone méridionale de coteaux et plateaux  : Plateau de Cieutat-Orignac 
XI.B'10; BASSIN AQUITAIN : Zone méridionale de coteaux et plateaux  : Plateau de Ger (avec landes de Pont-Long) 
XI.B'11; BASSIN AQUITAIN : Zone méridionale de coteaux et plateaux  : Collines et coteaux siliceux du Béarn 
XI.B'12; BASSIN AQUITAIN : Zone méridionale de coteaux et plateaux  : Coteaux du Bas-Armagnac 
XI.B'13; BASSIN AQUITAIN : Zone méridionale de coteaux et plateaux  : Chalosse 
XI.B'14; BASSIN AQUITAIN : Zone méridionale de coteaux et plateaux  : Pays de Seignanx 
XI.B'15; BASSIN AQUITAIN : Zone méridionale de coteaux et plateaux  : Marsan 
XI.C; BASSIN AQUITAIN : Zone des coteaux et plateaux au N
XI.C1; BASSIN AQUITAIN : Zone des coteaux et plateaux au N : Causses du Quercy, zone calcaire 
XI.C1a; BASSIN AQUITAIN : Zone des coteaux et plateaux au N : Causse de Limogne
XI.C1b; BASSIN AQUITAIN : Zone des coteaux et plateaux au N : Causse de Gramat
XI.C1c; BASSIN AQUITAIN : Zone des coteaux et plateaux au N : Causse de Martel
XI.C2; BASSIN AQUITAIN : Zone des coteaux et plateaux au N : Causses du Quercy, zone marneuse 
XI.C2'; BASSIN AQUITAIN : Zone des coteaux et plateaux au N : Limargue 
XI.C3a; BASSIN AQUITAIN : Zone des coteaux et plateaux au N : Causses du Périgord 
XI.C3b; BASSIN AQUITAIN : Zone des coteaux et plateaux au N : Causses de l'Angoumois, zone forestière 
XI.C3c; BASSIN AQUITAIN : Zone des coteaux et plateaux au N : Causses de l'Angoumois, zone cultivée 
XI.C3d; BASSIN AQUITAIN : Zone des coteaux et plateaux au N : Coteaux de l'Aunis 
XI.C4; BASSIN AQUITAIN : Zone des coteaux et plateaux au N : Plaines calcaires jurassiques 
XI.C4a; BASSIN AQUITAIN : Zone des coteaux et plateaux au N : du Seuil du Poitou 
XI.C4b; BASSIN AQUITAIN : Zone des coteaux et plateaux au N : de Luçon et Niort 
XI.C5; BASSIN AQUITAIN : Zone des coteaux et plateaux au N : Iles de Ré e t d'Oléron 
XI.C6a; BASSIN AQUITAIN : Zone des coteaux et plateaux au N : Coteaux crétacés de Saintonge 
XI.C6b; BASSIN AQUITAIN : Zone des coteaux et plateaux au N : Grande et Petite Champagne de Charente 
XI.C7; BASSIN AQUITAIN : Zone des coteaux et plateaux au N : Champagne à couvertur  décalcifiée 
XI.C8; BASSIN AQUITAIN : Zone des coteaux et plateaux au N : Causses du Périgord blanc 
XI.C9; BASSIN AQUITAIN : Zone des coteaux et plateaux au N : Sarladais 
XI.C10a; BASSIN AQUITAIN : Zone des coteaux et plateaux au N : Coteaux du Fronsadais, du Cubzadais, du Blayais et du Bourgeais 
XI.C10b; BASSIN AQUITAIN : Zone des coteaux et plateaux au N : Coteaux du Castillonais 
XI.C11a; BASSIN AQUITAIN : Zone des coteaux et plateaux au N : Pays de Lauzun, Cancon et Monflanquin 
XI.C11b; BASSIN AQUITAIN : Zone des coteaux et plateaux au N : Coteaux de l'Entre-Deux-Mers
XI.C12; BASSIN AQUITAIN : Zone des coteaux et plateaux au N : Basses Serres de l'Agenais 
XI.C13; BASSIN AQUITAIN : Zone des coteaux et plateaux au N : Hautes Serres de l'Agenais 
XI.C14; BASSIN AQUITAIN : Zone des coteaux et plateaux au N : Coteaux du Moissaqais 
XI.C15; BASSIN AQUITAIN : Zone des coteaux et plateaux au N : Serres du Quercy 
XI.C16; BASSIN AQUITAIN : Zone des coteaux et plateaux au N : Quercy blanc 
XI.C17; BASSIN AQUITAIN : Zone des coteaux et plateaux au N : Quercy montalbanais 
XI.C17a; BASSIN AQUITAIN : Zone des coteaux et plateaux au N : zone nord  
XI.C17b; BASSIN AQUITAIN : Zone des coteaux et plateaux au N : zone sud  
XI.C18; BASSIN AQUITAIN : Zone des coteaux et plateaux au N : Coteaux molassiques tarnais avec calcaires lacustres 
XI.D; BASSIN AQUITAIN : Zone prépyrénéenne 
XI.D1a; BASSIN AQUITAIN : Zone prépyrénéenne  : Petites Pyrénées 
XI.D1b; BASSIN AQUITAIN : Zone prépyrénéenne  : Plantaurel 
XI.D2a; BASSIN AQUITAIN : Zone prépyrénéenne  : Collines siliceuses du Pays basque 
XI.D2b; BASSIN AQUITAIN : Zone prépyrénéenne  : Collines marneuses du Pays basque 
XI.D3; BASSIN AQUITAIN : Zone prépyrénéenne  : Collines marno-calcaires Nord-pyrénéennes
XI.D3a; BASSIN AQUITAIN : Zone prépyrénéenne  : Collines basques 
XI.D3b; BASSIN AQUITAIN : Zone prépyrénéenne  : Collines du Béarn 
XI.D3c; BASSIN AQUITAIN : Zone prépyrénéenne  : Collines de Bigorre et Baronnies 
XI.D3c'; BASSIN AQUITAIN : Zone prépyrénéenne  : Bassin d'Argelès (Lavedan) 
XI.D3d; BASSIN AQUITAIN : Zone prépyrénéenne  : Collines de Haute-Garonne e t Salât 
XI.D3d'; BASSIN AQUITAIN : Zone prépyrénéenne  : bassin de Loures-St.Béat
XI.D3d''; BASSIN AQUITAIN : Zone prépyrénéenne  : bassin de St.Girons-Castillon 
XI.D3e; BASSIN AQUITAIN : Zone prépyrénéenne  : Collines ariégeoises 
XI.D3e'; BASSIN AQUITAIN : Zone prépyrénéenne  : bassin de Foix 
XI.E; BASSIN AQUITAIN : Couvertures de sols siliceux (sur plateaux calcaires)
XI.E1; BASSIN AQUITAIN : Couvertures de sols siliceux (sur plateaux calcaires) : Placages de Sidérolithique ou de sables du Périgord 
XI.E1'; BASSIN AQUITAIN : Couvertures de sols siliceux (sur plateaux calcaires) : zone viticole sur sables du Périgord 
XII; REGION LANDAISE
XII.A; REGION LANDAISE : Zone forestière
XII.A1; REGION LANDAISE : Zone forestière : Dune 
XII.A2; REGION LANDAISE : Zone forestière : Forêt landaise intérieure 
XII.A2a; REGION LANDAISE : Zone forestière : Grande lande 
XII.A2b; REGION LANDAISE : Zone forestière : Petites landes du Bazadais 
XII.A2c; REGION LANDAISE : Zone forestière : Petites landes de l'Est 
XII.A2d; REGION LANDAISE : Zone forestière : Petites landes du Marsan 
XII.A2e; REGION LANDAISE : Zone forestière : Landes littorales du Marensin 
XIII; PYRENEES
XIII.A; PYRENEES : Front Nord Pyrénéen 
XIII.A1; PYRENEES : Front Nord Pyrénéen  : Secteur Pyrénées occidentales 
XIII.A1'; PYRENEES : Front Nord Pyrénéen  : Vallée d'Aspe 
XIII.A1''; PYRENEES : Front Nord Pyrénéen  : Vallée d'Ossau 
XIII.A2; PYRENEES : Front Nord Pyrénéen  : Secteur Pyrénées centrales 
XIII.A2'; PYRENEES : Front Nord Pyrénéen  : secteur ariégeois 
XIII.A3; PYRENEES : Front Nord Pyrénéen  : Montagnes d'Olmes 
XIII.A4a; PYRENEES : Front Nord Pyrénéen  : Pays de Sault occidental 
XIII.A4a'; PYRENEES : Front Nord Pyrénéen  : Gorges de l'Aude 
XIII.A4b; PYRENEES : Front Nord Pyrénéen  : Pays de Sault oriental et Hautes Fenouillèdes 
XIII.A'; PYRENEES : Front Nord Pyrénéen  : Corbières
XIII.A'1; PYRENEES : Front Nord Pyrénéen  : Hautes Corbières 
XIII.A'2; PYRENEES : Front Nord Pyrénéen  : Moyennes Corbières 
XIII.B; PYRENEES : Zone axiale, versant Nord 
XIII.B1; PYRENEES : Zone axiale, versant Nord  : Haut bassin d'Aspe 
XIII.B2; PYRENEES : Zone axiale, versant Nord  : Haut bassin d'Ossau 
XIII.B3a; PYRENEES : Zone axiale, versant Nord  : Haut bassin du Gave de Pau 
XIII.B3b; PYRENEES : Zone axiale, versant Nord  : Vallées d'Estaing et d'Arrens 
XIII.B4; PYRENEES : Zone axiale, versant Nord  : Haut bassin de l'Adour 
XIII.B5; PYRENEES : Zone axiale, versant Nord  : Haut bassin de la Neste (Haute vallée d'Aure)
XIII.B6a; PYRENEES : Zone axiale, versant Nord  : Haut b a s s i n de l a Garonne 
XIII.B6b; PYRENEES : Zone axiale, versant Nord  : Bassin de la Pique 
XIII.B6c; PYRENEES : Zone axiale, versant Nord  : Vallée de la Barousse 
XIII.B7a; PYRENEES : Zone axiale, versant Nord  : Haut bassin du Salât 
XIII.B7b; PYRENEES : Zone axiale, versant Nord  : Vallée du Lez (Biros et Ballongue) 
XIII.B8a; PYRENEES : Zone axiale, versant Nord  : Haut bassin de l'Ariège 
XIII.B8b; PYRENEES : Zone axiale, versant Nord  : Bassin de Vicdessos 
XIII.B8c; PYRENEES : Zone axiale, versant Nord  : Bassin de Tarascon-Ussat 
XIII.B9; PYRENEES : Zone axiale, versant Nord  : Quérigut 
XIII.B10; PYRENEES : Zone axiale, versant Nord  : Capcir 
XIII.B11; PYRENEES : Zone axiale, versant Nord  : Confient (bassin de la Têt) 
XIII.B11a; PYRENEES : Zone axiale, versant Nord  : vallée de la Têt 
XIII.B11b; PYRENEES : Zone axiale, versant Nord  : versant en soulane (Garrotxes) 
XIII.B11c; PYRENEES : Zone axiale, versant Nord  : versant en ombrée 
XIII.B12; PYRENEES : Zone axiale, versant Nord  : Vallespir 
XIII.C; PYRENEES : Zone axiale, versant méridional
XIII.C1; PYRENEES : Zone axiale, versant méridional : Cerdagne (haut bassin du Sègre)
XIII.C1a; PYRENEES : Zone axiale, versant méridional : p l a i n e 
XIII.C1b; PYRENEES : Zone axiale, versant méridional : versant en soulane 
XIII.C1c; PYRENEES : Zone axiale, versant méridional : v e r s a n t en ombrée 
XIII.C2; PYRENEES : Zone axiale, versant méridional : Haut bassin du Carol 
XIV; CORSE
XIV.A; CORSE : Grandes plaines
XIV.A1; CORSE : Grandes plaines : Balagne 
XIV.A2; CORSE : Grandes plaines : Plaine orientale 
XIV.B; CORSE : Corse schisteuse 
XIV.B1; CORSE : Corse schisteuse  : Cap Corse
XIV.B2; CORSE : Corse schisteuse  : Zone centrale
XIV.B2'; CORSE : Corse schisteuse  : Plaine de St.Florent
XIV.B3; CORSE : Corse schisteuse  : Castagniccia
XIV.B4; CORSE : Corse schisteuse  : Dépression de Corte
XIV.C; CORSE : Corse cristalline, bassins occidentaux
XIV.C1; CORSE : Corse cristalline, bassins occidentaux : Corniche de la Balagne
XIV.C2; CORSE : Corse cristalline, bassins occidentaux : Bassin du Fango
XIV.C3; CORSE : Corse cristalline, bassins occidentaux : Bassin Liamone - Sagone - Porto
XIV.C3'; CORSE : Corse cristalline, bassins occidentaux : Plaine de Cargèse
XIV.C4; CORSE : Corse cristalline, bassins occidentaux : Bassin Gravone - Prunelli
XIV.C4'; CORSE : Corse cristalline, bassins occidentaux : Plaine d'Ajaccio
XIV.C5; CORSE : Corse cristalline, bassins occidentaux : Bassin du Taravo
XIV.C5'; CORSE : Corse cristalline, bassins occidentaux : Plaine du Taravo
